id,bank_item_id,entity,category,counterparty,explanation,confidence,classification_method,is_verified,created_at,updated_at
0a07aecc-b28e-530c-aa4c-c3ca537d7d6f,ba63a98e-9878-57de-bcfa-f87cdba76263,,SHOPIFY_PAYOUT,Shopify/Stripe,Shopify settlement (some months appear as STRIPE).,80,AUTO_RULE,0,2026-01-15T21:39:23+00:00,2026-01-16T00:05:11+00:00
a6879df8-1132-5940-87fd-f4220ff0d003,44773dc3-2782-5d97-9c6f-98459a69df48,,SHOPIFY_PAYOUT,Shopify/Stripe,Shopify settlement (some months appear as STRIPE).,80,AUTO_RULE,0,2026-01-15T21:39:23+00:00,2026-01-16T00:05:11+00:00
419f52a7-083b-5f4b-867d-f9505e62406e,e5bcdeb4-09ec-54a3-9364-a0aa6ac515c3,,CASH_DEPOSIT,,Bank deposit treated as cash deposit (see cash_deposit_groups).,80,AUTO_RULE,0,2026-01-15T21:39:23+00:00,2026-01-16T00:05:11+00:00
92a857d8-239c-543a-ace9-d0e531de5619,1b96a32c-cc80-5216-8b1f-fd9b48f76cde,,SHOPIFY_PAYOUT,Shopify/Stripe,Shopify settlement (some months appear as STRIPE).,80,AUTO_RULE,0,2026-01-15T21:39:23+00:00,2026-01-16T00:05:11+00:00
2db6c55b-37e1-5f73-9ccd-d5d2e8932ba2,2b819cfb-95ab-5899-a649-9cbc915c5052,,SHOPIFY_PAYOUT,Shopify/Stripe,Shopify settlement (some months appear as STRIPE).,80,AUTO_RULE,0,2026-01-15T21:39:23+00:00,2026-01-16T00:05:11+00:00
b347c7e5-9445-539e-928b-16f21cf1ccfa,5c34cb77-6648-52e8-9f01-99669fe46d29,,SHOPIFY_PAYOUT,Shopify/Stripe,Shopify settlement (some months appear as STRIPE).,80,AUTO_RULE,0,2026-01-15T21:39:23+00:00,2026-01-16T00:05:11+00:00
e5128821-35db-56bc-83e1-005abc16fd57,02cbe0b1-4e4d-5153-a94a-2a27caa7b1ca,,SHOPIFY_PAYOUT,Shopify/Stripe,Shopify settlement (some months appear as STRIPE).,80,AUTO_RULE,0,2026-01-15T21:39:23+00:00,2026-01-16T00:05:11+00:00
567beb26-9606-59bd-96be-8bad033cd73b,1dbb5dc4-0304-5b9d-83ff-2f6cceee1ae7,,SHOPIFY_PAYOUT,Shopify/Stripe,Shopify settlement (some months appear as STRIPE).,80,AUTO_RULE,0,2026-01-15T21:39:23+00:00,2026-01-16T00:05:11+00:00
3d1c77e7-923f-5413-89fb-b461d27879b6,7e2c70dc-aa73-5044-9eb0-12976553f2d4,,CASH_DEPOSIT,,Bank deposit treated as cash deposit (see cash_deposit_groups).,80,AUTO_RULE,0,2026-01-15T21:39:23+00:00,2026-01-16T00:05:11+00:00
acfc2294-2ad2-5c8e-be0e-f6afb01c9f62,503c53c2-88df-5643-bec0-0943ebae33c5,,SHOPIFY_PAYOUT,Shopify/Stripe,Shopify settlement (some months appear as STRIPE).,80,AUTO_RULE,0,2026-01-15T21:39:23+00:00,2026-01-16T00:05:11+00:00
1436d80c-1093-51cb-a837-8e329e1fd657,8c036e44-b3b8-5e1f-99e1-14834548782f,,SHOPIFY_PAYOUT,Shopify/Stripe,Shopify settlement (some months appear as STRIPE).,80,AUTO_RULE,0,2026-01-15T21:39:23+00:00,2026-01-16T00:05:11+00:00
be9d1c31-76b7-51eb-b5f4-f6c53f17e4c4,d417af1f-9c85-5af4-8771-8d6789427a35,,SHOPIFY_PAYOUT,Shopify/Stripe,Shopify settlement (some months appear as STRIPE).,80,AUTO_RULE,0,2026-01-15T21:39:23+00:00,2026-01-16T00:05:11+00:00
15208023-e63e-5090-906c-c371fe81f6ff,720d7c18-634d-5488-97c5-7a7517b10584,,SHOPIFY_PAYOUT,Shopify/Stripe,Shopify settlement (some months appear as STRIPE).,80,AUTO_RULE,0,2026-01-15T21:39:23+00:00,2026-01-16T00:05:11+00:00
cbb4da3b-487d-5813-8d34-e31524ace8b6,67830c21-43a2-55e1-9f09-b7adbeef154a,,SHOPIFY_PAYOUT,Shopify/Stripe,Shopify settlement (some months appear as STRIPE).,80,AUTO_RULE,0,2026-01-15T21:39:23+00:00,2026-01-16T00:05:11+00:00
098c10a7-8723-5544-85de-cec8a2442b97,2d6b648e-971e-50b1-8188-19af7818e948,,SHOPIFY_PAYOUT,Shopify/Stripe,Shopify settlement (some months appear as STRIPE).,80,AUTO_RULE,0,2026-01-15T21:39:23+00:00,2026-01-16T00:05:11+00:00
7fedcd8b-11f6-5d30-8d22-faa125ace701,56b612eb-ca66-5479-9ed1-9b64be2e395a,,SHOPIFY_PAYOUT,Shopify/Stripe,Shopify settlement (some months appear as STRIPE).,80,AUTO_RULE,0,2026-01-15T21:39:23+00:00,2026-01-16T00:05:11+00:00
c1aae723-1b6a-5e8a-8207-99b928b7a845,d013e397-1d4f-512b-b8c6-0acfa71a7780,,SHOPIFY_PAYOUT,Shopify/Stripe,Shopify settlement (some months appear as STRIPE).,80,AUTO_RULE,0,2026-01-15T21:39:23+00:00,2026-01-16T00:05:11+00:00
54a50027-ae6a-58ab-9481-ffd52b60bb30,5d75aa4c-30c5-50ba-bff4-031bda9fa834,,SHOPIFY_PAYOUT,Shopify/Stripe,Shopify settlement (some months appear as STRIPE).,80,AUTO_RULE,0,2026-01-15T21:39:23+00:00,2026-01-16T00:05:11+00:00
c8c4aef0-a254-5d5d-b311-f9aac2eb6e3f,31e4c6c9-42e7-5a19-882d-758c5a13e6e1,,CASH_DEPOSIT,,Bank deposit treated as cash deposit (see cash_deposit_groups).,80,AUTO_RULE,0,2026-01-15T21:39:23+00:00,2026-01-16T00:05:11+00:00
155682c3-f053-5474-991f-7069d95f9cc5,01a5ab8e-d2fd-5273-a3df-c255e1ab52d2,,SHOPIFY_PAYOUT,Shopify/Stripe,Shopify settlement (some months appear as STRIPE).,80,AUTO_RULE,0,2026-01-15T21:39:23+00:00,2026-01-16T00:05:11+00:00
89b95fe5-be11-5590-9065-aa00773cf6c2,d67a310c-ff1b-555b-b279-0df432fe7ea0,,SHOPIFY_PAYOUT,Shopify/Stripe,Shopify settlement (some months appear as STRIPE).,80,AUTO_RULE,0,2026-01-15T21:39:23+00:00,2026-01-16T00:05:11+00:00
4f8d19e7-2eda-59c4-8d06-750cb802eead,81b215a9-b610-571f-873f-5cf4c97efa22,,SHOPIFY_PAYOUT,Shopify/Stripe,Shopify settlement (some months appear as STRIPE).,80,AUTO_RULE,0,2026-01-15T21:39:23+00:00,2026-01-16T00:05:11+00:00
e263e21d-72a5-5757-85ff-50814315e73d,a191e4e8-e19e-58d4-bcbc-a1cc9abc73dc,,SHOPIFY_PAYOUT,Shopify/Stripe,Shopify settlement (some months appear as STRIPE).,80,AUTO_RULE,0,2026-01-15T21:39:23+00:00,2026-01-16T00:05:11+00:00
a7bc33eb-1a90-5864-99a7-01db91684d2a,13ea57fb-2922-55d4-942a-c06a2350058e,,SHOPIFY_PAYOUT,Shopify/Stripe,Shopify settlement (some months appear as STRIPE).,80,AUTO_RULE,0,2026-01-15T21:39:23+00:00,2026-01-16T00:05:11+00:00
2c91b01f-b835-554b-ab6a-68d9aea09af3,afb8fc2f-b8b5-59a8-8a71-e039b385da0c,,SHOPIFY_PAYOUT,Shopify/Stripe,Shopify settlement (some months appear as STRIPE).,80,AUTO_RULE,0,2026-01-15T21:39:23+00:00,2026-01-16T00:05:11+00:00
55d7b4b0-f05c-5dd6-8a50-8fa77b4f0dc9,6d206fa0-b584-5251-8358-9715e9dd1a1b,,SHOPIFY_PAYOUT,Shopify/Stripe,Shopify settlement (some months appear as STRIPE).,80,AUTO_RULE,0,2026-01-15T21:39:23+00:00,2026-01-16T00:05:11+00:00
9bd9364c-2b96-522a-96e4-0fef62b954ce,186e077f-173c-5baf-8dd5-babff226d537,,SHOPIFY_PAYOUT,Shopify/Stripe,Shopify settlement (some months appear as STRIPE).,80,AUTO_RULE,0,2026-01-15T21:39:23+00:00,2026-01-16T00:05:11+00:00
3785bea8-4bfa-5d89-8bfb-eca74734d20e,4f914ae4-ad3a-5266-af4a-b4c68bd64ba3,,SHOPIFY_PAYOUT,Shopify/Stripe,Shopify settlement (some months appear as STRIPE).,80,AUTO_RULE,0,2026-01-15T21:39:23+00:00,2026-01-16T00:05:11+00:00
fcf1fb2f-b52d-51c1-a290-d6029f00c917,7e76c2bb-b68e-5b4d-a1e1-2f4d80a8f8a1,,SHOPIFY_PAYOUT,Shopify/Stripe,Shopify settlement (some months appear as STRIPE).,80,AUTO_RULE,0,2026-01-15T21:39:23+00:00,2026-01-16T00:05:11+00:00
af5051f6-373b-58c4-beb6-1d68919a0df3,ad5c2e22-8758-5088-8d4b-662cfc09dbd5,,CASH_DEPOSIT,,Bank deposit treated as cash deposit (see cash_deposit_groups).,80,AUTO_RULE,0,2026-01-15T21:39:23+00:00,2026-01-16T00:05:11+00:00
2486e8dd-9c08-5926-9208-0159e175d98b,25594c6f-f4a9-5473-8443-407769c5328e,,SHOPIFY_PAYOUT,Shopify/Stripe,Shopify settlement (some months appear as STRIPE).,80,AUTO_RULE,0,2026-01-15T21:39:23+00:00,2026-01-16T00:05:11+00:00
64a67af9-8d56-58fe-88d7-0fc6d6284897,0aa4f48e-334a-50ba-93c5-8f562d47584c,,SHOPIFY_PAYOUT,Shopify/Stripe,Shopify settlement (some months appear as STRIPE).,80,AUTO_RULE,0,2026-01-15T21:39:23+00:00,2026-01-16T00:05:11+00:00
aa86fbd1-024a-5977-a37d-04940c2cd06c,04fd55fd-e811-5acc-ac74-576f6b0085e6,,SHOPIFY_PAYOUT,Shopify/Stripe,Shopify settlement (some months appear as STRIPE).,80,AUTO_RULE,0,2026-01-15T21:39:23+00:00,2026-01-16T00:05:11+00:00
ef92ecde-dca0-5297-83d9-5d108245ee5b,bd8907ba-9307-50dc-836b-5afd5dcf83cf,,SHOPIFY_PAYOUT,Shopify/Stripe,Shopify settlement (some months appear as STRIPE).,80,AUTO_RULE,0,2026-01-15T21:39:23+00:00,2026-01-16T00:05:11+00:00
2ff22275-b55c-5387-bd71-a5792d6fab1d,438eed30-60d6-5c3f-aa19-80f53dce8328,,SHOPIFY_PAYOUT,Shopify/Stripe,Shopify settlement (some months appear as STRIPE).,80,AUTO_RULE,0,2026-01-15T21:39:23+00:00,2026-01-16T00:05:11+00:00
9a3457a8-334b-5758-b2df-488ef27f496b,e609615f-11ba-50b0-8a88-da4105775b4c,,SHOPIFY_PAYOUT,Shopify/Stripe,Shopify settlement (some months appear as STRIPE).,80,AUTO_RULE,0,2026-01-15T21:39:23+00:00,2026-01-16T00:05:11+00:00
84f5f790-3c5d-5d74-8830-26824d471a4f,c21dc671-1c2c-5bb3-8e9a-1fcac0468cf2,,CASH_DEPOSIT,,Bank deposit treated as cash deposit (see cash_deposit_groups).,80,AUTO_RULE,0,2026-01-15T21:39:23+00:00,2026-01-16T00:05:11+00:00
a9e1de8a-7e5b-5797-b949-8645e093fbb9,d3bee36d-f546-5604-9d0c-a0b413bead8b,,SHOPIFY_PAYOUT,Shopify/Stripe,Shopify settlement (some months appear as STRIPE).,80,AUTO_RULE,0,2026-01-15T21:39:23+00:00,2026-01-16T00:05:11+00:00
b4ed8ecc-1986-53a2-8a44-375fbdb98553,3546c285-60df-5938-9768-5e45b6622dd8,,SHOPIFY_PAYOUT,Shopify/Stripe,Shopify settlement (some months appear as STRIPE).,80,AUTO_RULE,0,2026-01-15T21:39:23+00:00,2026-01-16T00:05:11+00:00
7c445ca0-37a2-58e5-95ea-a5f4986f885a,2a1706b7-205b-5278-80fa-c8e08b9e4ed3,,SHOPIFY_PAYOUT,Shopify/Stripe,Shopify settlement (some months appear as STRIPE).,80,AUTO_RULE,0,2026-01-15T21:39:23+00:00,2026-01-16T00:05:11+00:00
d1ed828e-fc9d-5d4c-969a-3a80bae5abf1,7e892fcf-a985-54cd-8eb3-ed2556887629,,SHOPIFY_PAYOUT,Shopify/Stripe,Shopify settlement (some months appear as STRIPE).,80,AUTO_RULE,0,2026-01-15T21:39:23+00:00,2026-01-16T00:05:11+00:00
17d9b7cd-9d65-501b-ad18-49f41208934f,b9827938-7eb3-5058-adff-ca2b822bdd4c,,SHOPIFY_PAYOUT,Shopify/Stripe,Shopify settlement (some months appear as STRIPE).,80,AUTO_RULE,0,2026-01-15T21:39:23+00:00,2026-01-16T00:05:11+00:00
d480adaf-1925-5b34-b30c-b9aaa0415714,91eb159c-bd84-5f33-95e5-29fc4738aaf7,,SHOPIFY_PAYOUT,Shopify/Stripe,Shopify settlement (some months appear as STRIPE).,80,AUTO_RULE,0,2026-01-15T21:39:23+00:00,2026-01-16T00:05:11+00:00
ad5c991a-45a9-57d0-81eb-7fc49a0e4949,dc7dfa26-4dfc-5d05-9a4d-4ee8b71e3ece,,CASH_DEPOSIT,,Bank deposit treated as cash deposit (see cash_deposit_groups).,80,AUTO_RULE,0,2026-01-15T21:39:23+00:00,2026-01-16T00:05:11+00:00
a8cf320c-4a90-5aa7-b599-ef2c312f506a,d172c8f5-4847-525a-8f42-e08d0fd98051,,SHOPIFY_PAYOUT,Shopify/Stripe,Shopify settlement (some months appear as STRIPE).,80,AUTO_RULE,0,2026-01-15T21:39:23+00:00,2026-01-16T00:05:11+00:00
e43fd614-77f7-5e82-9357-1164b6a3827b,f7d21e1f-c304-55ae-8cdc-50027cf7258f,,SHOPIFY_PAYOUT,Shopify/Stripe,Shopify settlement (some months appear as STRIPE).,80,AUTO_RULE,0,2026-01-15T21:39:23+00:00,2026-01-16T00:05:11+00:00
b0412bb2-d890-5623-81bc-5a7b3f0031e4,11d2ee7e-5a55-5be1-8193-56b7a0a8f256,,SHOPIFY_PAYOUT,Shopify/Stripe,Shopify settlement (some months appear as STRIPE).,80,AUTO_RULE,0,2026-01-15T21:39:23+00:00,2026-01-16T00:05:11+00:00
c727470b-ee1a-5d2f-a8db-f4d78bc00089,f30770ac-ae7a-593f-943f-913304f39650,,SHOPIFY_PAYOUT,Shopify/Stripe,Shopify settlement (some months appear as STRIPE).,80,AUTO_RULE,0,2026-01-15T21:39:23+00:00,2026-01-16T00:05:11+00:00
2c37c4ef-4103-52c3-a376-a207a4a3006e,57c9a966-8ae6-560f-a5a7-b18125418b2e,,SHOPIFY_PAYOUT,Shopify/Stripe,Shopify settlement (some months appear as STRIPE).,80,AUTO_RULE,0,2026-01-15T21:39:23+00:00,2026-01-16T00:05:11+00:00
82e0ff8b-ab27-5940-bd34-29c64670fdfd,e5f82bfd-4057-5adb-b0e4-933a82f69445,,SHOPIFY_PAYOUT,Shopify/Stripe,Shopify settlement (some months appear as STRIPE).,80,AUTO_RULE,0,2026-01-15T21:39:23+00:00,2026-01-16T00:05:11+00:00
87869d80-de8b-5ab5-b4b0-44db85f3dd8a,2cc992cb-b164-56da-ae58-55072beec76b,,SHOPIFY_PAYOUT,Shopify/Stripe,Shopify settlement (some months appear as STRIPE).,80,AUTO_RULE,0,2026-01-15T21:39:23+00:00,2026-01-16T00:05:11+00:00
4a26e9d8-1bed-5a3c-b3e8-1cb2d236a5f6,4c35460a-43c5-5a49-9bb5-1fc1afa9b3be,,CASH_DEPOSIT,,Bank deposit treated as cash deposit (see cash_deposit_groups).,80,AUTO_RULE,0,2026-01-15T21:39:23+00:00,2026-01-16T00:05:11+00:00
7f7a2145-78d9-5c5f-9753-cac462ef9e62,9da204da-534b-5187-b285-fed1538e66f5,,SHOPIFY_PAYOUT,Shopify/Stripe,Shopify settlement (some months appear as STRIPE).,80,AUTO_RULE,0,2026-01-15T21:39:23+00:00,2026-01-16T00:05:11+00:00
68dbd901-9b55-5e19-914e-969ba7691547,6bde2418-a03e-589e-a784-7b4af77e5305,,SHOPIFY_PAYOUT,Shopify/Stripe,Shopify settlement (some months appear as STRIPE).,80,AUTO_RULE,0,2026-01-15T21:39:23+00:00,2026-01-16T00:05:11+00:00
824f4b5b-ff97-55b3-9bad-7a14d5fa23fa,a15fe5b9-c479-5040-bacb-47409736023e,,SHOPIFY_PAYOUT,Shopify/Stripe,Shopify settlement (some months appear as STRIPE).,80,AUTO_RULE,0,2026-01-15T21:39:23+00:00,2026-01-16T00:05:11+00:00
67e10273-99af-57c9-a91e-8a55a08f3916,76e80a96-0599-5c98-9954-e7112903319d,,CASH_DEPOSIT,,Bank deposit treated as cash deposit (see cash_deposit_groups).,80,AUTO_RULE,0,2026-01-15T21:39:23+00:00,2026-01-16T00:05:11+00:00
d5ed14cd-6abc-5dab-ab01-cc07220afe44,a469f801-3710-5df2-b4ba-0d0a30067ff4,,SHOPIFY_PAYOUT,Shopify/Stripe,Shopify settlement (some months appear as STRIPE).,80,AUTO_RULE,0,2026-01-15T21:39:23+00:00,2026-01-16T00:05:11+00:00
c0a6ce61-73ce-5e4b-89c0-fefe19b06100,1950f20e-df09-500f-b98e-c5986f38ffb4,,SHOPIFY_PAYOUT,Shopify/Stripe,Shopify settlement (some months appear as STRIPE).,80,AUTO_RULE,0,2026-01-15T21:39:23+00:00,2026-01-16T00:05:11+00:00
6d2d4758-ff0e-5c66-a8e9-6e775ae35704,0c40a54d-0a47-569a-b3db-2c629597feac,,SHOPIFY_PAYOUT,Shopify/Stripe,Shopify settlement (some months appear as STRIPE).,80,AUTO_RULE,0,2026-01-15T21:39:23+00:00,2026-01-16T00:05:11+00:00
2aa6bc2e-6587-5bb1-ba75-2dd36b7e5329,ae0af3bd-2c3b-5819-891f-9ce90c78f42a,,SHOPIFY_PAYOUT,Shopify/Stripe,Shopify settlement (some months appear as STRIPE).,80,AUTO_RULE,0,2026-01-15T21:39:23+00:00,2026-01-16T00:05:11+00:00
1872a2c9-8021-5d73-b427-6df99432d9d4,d16e0611-7c4d-5828-a95f-2301f06136bd,,SHOPIFY_PAYOUT,Shopify/Stripe,Shopify settlement (some months appear as STRIPE).,80,AUTO_RULE,0,2026-01-15T21:39:23+00:00,2026-01-16T00:05:11+00:00
39bd8578-94e7-50de-ba3d-d7e82eae3771,7c18001d-6076-539b-a94c-4685bb887058,,SHOPIFY_PAYOUT,Shopify/Stripe,Shopify settlement (some months appear as STRIPE).,80,AUTO_RULE,0,2026-01-15T21:39:23+00:00,2026-01-16T00:05:11+00:00
35ff86d1-7c71-5926-b35e-45922e48b1a1,ba84bb21-e84d-5b10-a2d0-367a3aabe9d8,,SHOPIFY_PAYOUT,Shopify/Stripe,Shopify settlement (some months appear as STRIPE).,80,AUTO_RULE,0,2026-01-15T21:39:23+00:00,2026-01-16T00:05:11+00:00
748a7dc6-d86c-54e4-87a2-844a202a5597,8e8bfc24-0a6d-5d30-b6eb-fd37946e666e,,SHOPIFY_PAYOUT,Shopify/Stripe,Shopify settlement (some months appear as STRIPE).,80,AUTO_RULE,0,2026-01-15T21:39:23+00:00,2026-01-16T00:05:11+00:00
0a5cd3ec-a917-5ef9-b9bc-4cc07fe495a3,c2c50699-be0a-5fbb-a852-19dcdfecf33b,,SHOPIFY_PAYOUT,Shopify/Stripe,Shopify settlement (some months appear as STRIPE).,80,AUTO_RULE,0,2026-01-15T21:39:23+00:00,2026-01-16T00:05:11+00:00
b577690d-97d1-52af-bfe8-7a29982f068d,cb4642f1-f491-50ee-8ff7-1fd43210089f,,SHOPIFY_PAYOUT,Shopify/Stripe,Shopify settlement (some months appear as STRIPE).,80,AUTO_RULE,0,2026-01-15T21:39:23+00:00,2026-01-16T00:05:11+00:00
36733913-9d29-5b14-85da-7a32463eba62,3506721f-69fb-5b68-832a-9ebacf433988,,CASH_DEPOSIT,,Bank deposit treated as cash deposit (see cash_deposit_groups).,80,AUTO_RULE,0,2026-01-15T21:39:23+00:00,2026-01-16T00:05:11+00:00
4eb7f5d5-2010-5953-93dd-4a74242dd15e,b70d9b5b-e98f-5d80-a590-76a1f82dffa4,,SHOPIFY_PAYOUT,Shopify/Stripe,Shopify settlement (some months appear as STRIPE).,80,AUTO_RULE,0,2026-01-15T21:39:23+00:00,2026-01-16T00:05:11+00:00
3d1848e2-3b31-53a4-b786-d09ebb018dec,33a52180-d677-5517-ac44-d32bad4a4a8d,,SHOPIFY_PAYOUT,Shopify/Stripe,Shopify settlement (some months appear as STRIPE).,80,AUTO_RULE,0,2026-01-15T21:39:23+00:00,2026-01-16T00:05:11+00:00
870ee0c0-886f-581d-afda-dbce1390ccb0,045ac21f-e9d5-56d6-8090-eea1c7012307,,SHOPIFY_PAYOUT,Shopify/Stripe,Shopify settlement (some months appear as STRIPE).,80,AUTO_RULE,0,2026-01-15T21:39:23+00:00,2026-01-16T00:05:11+00:00
e0950e7b-f4bf-57e9-bc29-7d38a0b57131,ee20f709-79ae-5b51-b872-440081547ef8,,CASH_DEPOSIT,,Bank deposit treated as cash deposit (see cash_deposit_groups).,80,AUTO_RULE,0,2026-01-15T21:39:23+00:00,2026-01-16T00:05:11+00:00
34dccc22-aa68-593f-8664-c1149c1e3f69,7d1c2803-a517-523b-9807-eee17a50d331,,SHOPIFY_PAYOUT,Shopify/Stripe,Shopify settlement (some months appear as STRIPE).,80,AUTO_RULE,0,2026-01-15T21:39:23+00:00,2026-01-16T00:05:11+00:00
43da7a67-8dfc-5eeb-9fe2-148f51028429,d5139cb7-9503-504b-abb4-402aab029a80,,SHOPIFY_PAYOUT,Shopify/Stripe,Shopify settlement (some months appear as STRIPE).,80,AUTO_RULE,0,2026-01-15T21:39:23+00:00,2026-01-16T00:05:11+00:00
baf4f1b6-ff6d-5ffb-80b5-d70fbbd6efb8,1b984d8a-dc78-57e7-acf6-a30a4d66ef87,,SHOPIFY_PAYOUT,Shopify/Stripe,Shopify settlement (some months appear as STRIPE).,80,AUTO_RULE,0,2026-01-15T21:39:23+00:00,2026-01-16T00:05:11+00:00
f2c8ba4f-fec7-5e4f-b248-459255763264,ae1cf68b-fbdc-5762-abbc-2f898058ff7f,,SHOPIFY_PAYOUT,Shopify/Stripe,Shopify settlement (some months appear as STRIPE).,80,AUTO_RULE,0,2026-01-15T21:39:23+00:00,2026-01-16T00:05:11+00:00
d7b95a35-b7af-5717-b6b0-a770b94902f7,7b616cf2-1903-511a-9019-0bac5eee5c4f,,SHOPIFY_PAYOUT,Shopify/Stripe,Shopify settlement (some months appear as STRIPE).,80,AUTO_RULE,0,2026-01-15T21:39:23+00:00,2026-01-16T00:05:11+00:00
e7e7fcac-87f7-5fae-892e-39c431a81c0b,4a632885-e225-510f-8114-a7c76ec55ead,,SHOPIFY_PAYOUT,Shopify/Stripe,Shopify settlement (some months appear as STRIPE).,80,AUTO_RULE,0,2026-01-15T21:39:23+00:00,2026-01-16T00:05:11+00:00
2ecbe186-1673-571f-9771-4fab6869e3d0,a86ee5c7-0521-57b6-9889-1e185ed95535,,SHOPIFY_PAYOUT,Shopify/Stripe,Shopify settlement (some months appear as STRIPE).,80,AUTO_RULE,0,2026-01-15T21:39:23+00:00,2026-01-16T00:05:11+00:00
fd7dec73-272a-5aec-8fbf-cbd1e9ee83d6,386a6377-88b5-551c-b700-70dbad8bbec1,,SHOPIFY_PAYOUT,Shopify/Stripe,Shopify settlement (some months appear as STRIPE).,80,AUTO_RULE,0,2026-01-15T21:39:23+00:00,2026-01-16T00:05:11+00:00
22607340-f4e6-5ef9-9586-a4a5cf9416b1,f1e3cefb-e5bb-5be0-a9aa-f7ae2b06a254,,SHOPIFY_PAYOUT,Shopify/Stripe,Shopify settlement (some months appear as STRIPE).,80,AUTO_RULE,0,2026-01-15T21:39:23+00:00,2026-01-16T00:05:11+00:00
d9241173-a970-5f4f-98f2-c9c67be07686,63c854eb-96a2-5a74-a256-7a4c5988ae8e,,SHOPIFY_PAYOUT,Shopify/Stripe,Shopify settlement (some months appear as STRIPE).,80,AUTO_RULE,0,2026-01-15T21:39:23+00:00,2026-01-16T00:05:11+00:00
c1ab716d-1755-5656-b434-03277c01c7da,940fbfed-2e41-558e-88b0-321243e3b53c,,SHOPIFY_PAYOUT,Shopify/Stripe,Shopify settlement (some months appear as STRIPE).,80,AUTO_RULE,0,2026-01-15T21:39:23+00:00,2026-01-16T00:05:11+00:00
034abd19-8468-5722-aabb-82759cc1548e,5316b628-e603-58a4-a30a-b5993d57eaca,,SHOPIFY_PAYOUT,Shopify/Stripe,Shopify settlement (some months appear as STRIPE).,80,AUTO_RULE,0,2026-01-15T21:39:23+00:00,2026-01-16T00:05:11+00:00
6386f733-3bee-5aee-affb-7c2f65e87894,bb3e2957-ce20-57c0-8979-adb2f4d673dd,,CASH_DEPOSIT,,Bank deposit treated as cash deposit (see cash_deposit_groups).,80,AUTO_RULE,0,2026-01-15T21:39:23+00:00,2026-01-16T00:05:11+00:00
4fb05ca1-7e55-51f6-9cad-8b7596d25ec8,d57c5543-b1cf-57db-bcb4-70ab513c2617,,SHOPIFY_PAYOUT,Shopify/Stripe,Shopify settlement (some months appear as STRIPE).,80,AUTO_RULE,0,2026-01-15T21:39:23+00:00,2026-01-16T00:05:11+00:00
4eacf3ba-efa8-5ca9-bff4-921043c0b88e,2abfa083-19a6-5754-ac54-44320a2a113e,,SHOPIFY_PAYOUT,Shopify/Stripe,Shopify settlement (some months appear as STRIPE).,80,AUTO_RULE,0,2026-01-15T21:39:23+00:00,2026-01-16T00:05:11+00:00
cdc160f3-d6d2-58fc-ba65-df069f100b47,ea54a6f9-3e71-5f36-8987-4efe0ed4d8fb,,SHOPIFY_PAYOUT,Shopify/Stripe,Shopify settlement (some months appear as STRIPE).,80,AUTO_RULE,0,2026-01-15T21:39:23+00:00,2026-01-16T00:05:11+00:00
2bbfb19e-69e9-596f-9383-1973e067d872,9526693c-1b1a-5f9a-9389-242b090ba0de,,SHOPIFY_PAYOUT,Shopify/Stripe,Shopify settlement (some months appear as STRIPE).,80,AUTO_RULE,0,2026-01-15T21:39:23+00:00,2026-01-16T00:05:11+00:00
0d0006e3-445d-5cfe-949f-38fcb682d73c,e1747c21-22d8-5ea3-a61c-7c73b79abf58,,VENDOR_CREDIT_MEMO,Gordon Food Service Canada Ltd,Known rare offseason GFS credit memo; typically credit memos are netted into PAD debits.,98,AUTO_RULE,0,2026-01-15T21:39:23+00:00,2026-01-16T00:05:11+00:00
7eedc946-d8e1-5714-8d9a-510f8b656ea1,1ea8c1d6-ea01-5df2-93c9-2b0e7a850df0,,SHOPIFY_PAYOUT,Shopify/Stripe,Shopify settlement (some months appear as STRIPE).,80,AUTO_RULE,0,2026-01-15T21:39:23+00:00,2026-01-16T00:05:11+00:00
d34261bd-4f03-5ab2-bae6-78bdef7d17a5,37e60ea5-0fa0-538b-bd9a-b7fa7cfe56dc,,SHOPIFY_PAYOUT,Shopify/Stripe,Shopify settlement (some months appear as STRIPE).,80,AUTO_RULE,0,2026-01-15T21:39:23+00:00,2026-01-16T00:05:11+00:00
b8adcc29-e7cc-5e47-8e0a-eab8c2233efc,d400da6e-b0ea-565c-8509-71659eaa8183,,CASH_DEPOSIT,,Bank deposit treated as cash deposit (see cash_deposit_groups).,80,AUTO_RULE,0,2026-01-15T21:39:23+00:00,2026-01-16T00:05:11+00:00
9a0b5282-c6f7-5be2-9ab1-7fafb7b80846,07987e45-a155-53cf-a1c3-b33cdde4bbc2,,SHOPIFY_PAYOUT,Shopify/Stripe,Shopify settlement (some months appear as STRIPE).,80,AUTO_RULE,0,2026-01-15T21:39:23+00:00,2026-01-16T00:05:11+00:00
b60e1571-a7ac-5062-b25e-7b2351ba85a1,297d4975-07a0-543a-8627-17dd0f911347,,SHOPIFY_PAYOUT,Shopify/Stripe,Shopify settlement (some months appear as STRIPE).,80,AUTO_RULE,0,2026-01-15T21:39:23+00:00,2026-01-16T00:05:11+00:00
4cbca78d-9eea-5c55-995b-daa9439e9a14,01200812-5b48-5d1e-8c89-b0747fc479c8,,SHOPIFY_PAYOUT,Shopify/Stripe,Shopify settlement (some months appear as STRIPE).,80,AUTO_RULE,0,2026-01-15T21:39:23+00:00,2026-01-16T00:05:11+00:00
a73afa27-e53e-5cec-bcab-4ace1d350ecc,7c508ce9-5555-5271-b3ae-83e87e2d3a1a,,SHOPIFY_PAYOUT,Shopify/Stripe,Shopify settlement (some months appear as STRIPE).,80,AUTO_RULE,0,2026-01-15T21:39:23+00:00,2026-01-16T00:05:11+00:00
f771c984-9fce-5138-9cf2-ca952561baa9,cca5887f-37f2-581a-a585-4cd1050083cf,,SHOPIFY_PAYOUT,Shopify/Stripe,Shopify settlement (some months appear as STRIPE).,80,AUTO_RULE,0,2026-01-15T21:39:23+00:00,2026-01-16T00:05:11+00:00
809b41b8-c686-53c3-87e3-5ce218817203,74b13ab9-510a-5cec-8fb5-a5ec87419bc0,,SHOPIFY_PAYOUT,Shopify/Stripe,Shopify settlement (some months appear as STRIPE).,80,AUTO_RULE,0,2026-01-15T21:39:23+00:00,2026-01-16T00:05:11+00:00
7d151078-47a3-52de-8c50-222d7ae29666,614aac0c-4443-5c1f-b94b-f68ccf36f7e6,,SHOPIFY_PAYOUT,Shopify/Stripe,Shopify settlement (some months appear as STRIPE).,80,AUTO_RULE,0,2026-01-15T21:39:23+00:00,2026-01-16T00:05:11+00:00
56218bd2-6c50-51ce-b735-b7e14ac9cea4,efb71b9a-790c-5e10-8a71-d16c29537cfd,,SHOPIFY_PAYOUT,Shopify/Stripe,Shopify settlement (some months appear as STRIPE).,80,AUTO_RULE,0,2026-01-15T21:39:23+00:00,2026-01-16T00:05:11+00:00
f02b6d67-2290-576e-b707-56c8beacd6b0,11234e9c-9cd8-56b2-9744-71096ba050a6,,SHOPIFY_PAYOUT,Shopify/Stripe,Shopify settlement (some months appear as STRIPE).,80,AUTO_RULE,0,2026-01-15T21:39:23+00:00,2026-01-16T00:05:11+00:00
a6cbb2e8-1c41-5d05-a494-574a7e98822e,f2b12d79-19aa-5e75-bdb2-f7d7e914f54a,,SHOPIFY_PAYOUT,Shopify/Stripe,Shopify settlement (some months appear as STRIPE).,80,AUTO_RULE,0,2026-01-15T21:39:23+00:00,2026-01-16T00:05:11+00:00
e1a87ae0-3efa-5418-80e6-c0872ee38749,9beaaa52-1f1a-55ac-9f95-bf0b49db9c2f,,SHOPIFY_PAYOUT,Shopify/Stripe,Shopify settlement (some months appear as STRIPE).,80,AUTO_RULE,0,2026-01-15T21:39:23+00:00,2026-01-16T00:05:11+00:00
bc517fdc-ff6b-5608-b469-d9c1b6dcc57b,4721e52b-5380-5a63-b390-e51b617f058e,,SHOPIFY_PAYOUT,Shopify/Stripe,Shopify settlement (some months appear as STRIPE).,80,AUTO_RULE,0,2026-01-15T21:39:23+00:00,2026-01-16T00:05:11+00:00
f5737243-e1c0-5e22-a707-f15a24941152,359a3730-0691-5f25-8e30-4ac72d6b038e,,SHOPIFY_PAYOUT,Shopify/Stripe,Shopify settlement (some months appear as STRIPE).,80,AUTO_RULE,0,2026-01-15T21:39:23+00:00,2026-01-16T00:05:11+00:00
14cd626a-594c-56a4-871b-8b12d4524d1c,f9358a13-3b79-5b45-b21f-f8fa4c685900,,SHOPIFY_PAYOUT,Shopify/Stripe,Shopify settlement (some months appear as STRIPE).,80,AUTO_RULE,0,2026-01-15T21:39:23+00:00,2026-01-16T00:05:11+00:00
b0371a4a-34d4-54bd-bf00-3023fc911063,a11bc276-858f-5dfa-a4b8-945a3c2450fb,,CASH_DEPOSIT,,Bank deposit treated as cash deposit (see cash_deposit_groups).,80,AUTO_RULE,0,2026-01-15T21:39:23+00:00,2026-01-16T00:05:11+00:00
e0024a8b-fabe-5457-a7a7-1442db2042e4,477500e8-e82f-53bf-a3f9-ba7c3414b1ab,,CASH_DEPOSIT,,Bank deposit treated as cash deposit (see cash_deposit_groups).,80,AUTO_RULE,0,2026-01-15T21:39:23+00:00,2026-01-16T00:05:11+00:00
1c403b6d-669d-5f16-8ad7-6b3953d644ed,880f5202-d816-5cf9-ab7c-7673504641fc,,SHOPIFY_PAYOUT,Shopify/Stripe,Shopify settlement (some months appear as STRIPE).,80,AUTO_RULE,0,2026-01-15T21:39:23+00:00,2026-01-16T00:05:11+00:00
f51395a8-e1ea-5e9a-8ba1-66902c28371a,f6c993dd-22f2-546b-8fc3-84d20a70b4d6,,SHOPIFY_PAYOUT,Shopify/Stripe,Shopify settlement (some months appear as STRIPE).,80,AUTO_RULE,0,2026-01-15T21:39:23+00:00,2026-01-16T00:05:11+00:00
696a531b-4ba6-5f2e-96fd-e05e5cd262ed,ef4a8463-276e-5414-bdcb-5d82fa02f0a1,,SHOPIFY_PAYOUT,Shopify/Stripe,Shopify settlement (some months appear as STRIPE).,80,AUTO_RULE,0,2026-01-15T21:39:23+00:00,2026-01-16T00:05:11+00:00
5a6d78eb-48be-599b-8023-2fbb368ab758,cebade21-dfe9-54fb-8a94-5acd25fa7423,,SHOPIFY_PAYOUT,Shopify/Stripe,Shopify settlement (some months appear as STRIPE).,80,AUTO_RULE,0,2026-01-15T21:39:23+00:00,2026-01-16T00:05:11+00:00
cedbd84a-7384-57cb-a340-af65f9d8f296,3c2037e7-243a-548d-ba87-bdfe46cc4ad4,,SHOPIFY_PAYOUT,Shopify/Stripe,Shopify settlement (some months appear as STRIPE).,80,AUTO_RULE,0,2026-01-15T21:39:23+00:00,2026-01-16T00:05:11+00:00
23c36b39-ce3f-537d-9ab1-d6e5e53fc724,3a1d3220-0559-54f4-8de4-c3869ec7fdce,,SHOPIFY_PAYOUT,Shopify/Stripe,Shopify settlement (some months appear as STRIPE).,80,AUTO_RULE,0,2026-01-15T21:39:23+00:00,2026-01-16T00:05:11+00:00
3d1a7637-a687-5700-a561-0146732715cc,6812bc4c-ddb2-52c6-add3-bc71a5da3fee,,SHOPIFY_PAYOUT,Shopify/Stripe,Shopify settlement (some months appear as STRIPE).,80,AUTO_RULE,0,2026-01-15T21:39:23+00:00,2026-01-16T00:05:11+00:00
9ae76816-81b0-5f5c-99b9-0e4a5d8660bd,3b68bdd8-969e-5381-ac28-4aff40695c0c,,SHOPIFY_PAYOUT,Shopify/Stripe,Shopify settlement (some months appear as STRIPE).,80,AUTO_RULE,0,2026-01-15T21:39:23+00:00,2026-01-16T00:05:11+00:00
1fcc085d-3afc-5011-be78-ccd536a45868,e260ce2c-12ee-5d19-9680-5ddf801f3ca2,,SHOPIFY_PAYOUT,Shopify/Stripe,Shopify settlement (some months appear as STRIPE).,80,AUTO_RULE,0,2026-01-15T21:39:23+00:00,2026-01-16T00:05:11+00:00
f59137f7-88f6-5f14-afe1-a96303af3330,2578b85c-c5d3-51f4-b589-401efde6ee98,,SHOPIFY_PAYOUT,Shopify/Stripe,Shopify settlement (some months appear as STRIPE).,80,AUTO_RULE,0,2026-01-15T21:39:23+00:00,2026-01-16T00:05:11+00:00
b204370a-02fb-5fc9-a46a-13b5a5fcfacd,5f82e0c3-dfc6-5315-8cda-d270f902ebf7,,SHOPIFY_PAYOUT,Shopify/Stripe,Shopify settlement (some months appear as STRIPE).,80,AUTO_RULE,0,2026-01-15T21:39:23+00:00,2026-01-16T00:05:11+00:00
4aa74148-7c69-5e1d-bc8f-fac060945af8,cf3acb35-9b45-5fcb-9429-7d6cd3695933,,SHOPIFY_PAYOUT,Shopify/Stripe,Shopify settlement (some months appear as STRIPE).,80,AUTO_RULE,0,2026-01-15T21:39:23+00:00,2026-01-16T00:05:11+00:00
452a3a3b-33fe-59b7-b951-c7e57302127b,b8bd56d9-3e9c-5555-b960-9514fb12c8ca,,SHOPIFY_PAYOUT,Shopify/Stripe,Shopify settlement (some months appear as STRIPE).,80,AUTO_RULE,0,2026-01-15T21:39:23+00:00,2026-01-16T00:05:11+00:00
711d4c0e-5b28-5c57-befd-eab82250a030,6e855b80-674f-54bb-9323-81237d722545,,SHOPIFY_PAYOUT,Shopify/Stripe,Shopify settlement (some months appear as STRIPE).,80,AUTO_RULE,0,2026-01-15T21:39:23+00:00,2026-01-16T00:05:11+00:00
b9c59d58-dfd2-5b72-9416-577f35d345c9,f7f5f21e-ce6c-5882-997b-98c97cd9db80,,SHOPIFY_PAYOUT,Shopify/Stripe,Shopify settlement (some months appear as STRIPE).,80,AUTO_RULE,0,2026-01-15T21:39:23+00:00,2026-01-16T00:05:11+00:00
0c33666d-b7a9-5bc3-8e50-6a65566d236e,b8c9026c-9665-549e-8da0-c8306238cfb0,,SHOPIFY_PAYOUT,Shopify/Stripe,Shopify settlement (some months appear as STRIPE).,80,AUTO_RULE,0,2026-01-15T21:39:23+00:00,2026-01-16T00:05:11+00:00
8b3fdd1a-cd5f-52b8-be4d-8f74278e97cc,65de0992-3ea5-56bc-9a6b-6cc79a1ee084,,CASH_DEPOSIT,,Bank deposit treated as cash deposit (see cash_deposit_groups).,80,AUTO_RULE,0,2026-01-15T21:39:23+00:00,2026-01-16T00:05:11+00:00
764f0842-3b49-5393-a29a-0ced10d812ae,38ce3583-03fb-587e-b77e-3ce2cfb74242,,SHOPIFY_PAYOUT,Shopify/Stripe,Shopify settlement (some months appear as STRIPE).,80,AUTO_RULE,0,2026-01-15T21:39:23+00:00,2026-01-16T00:05:11+00:00
d86e4931-212f-5741-b959-1070479e9e8e,44c91912-d83b-5c85-9355-e28e8a1f36ac,,SHOPIFY_PAYOUT,Shopify/Stripe,Shopify settlement (some months appear as STRIPE).,80,AUTO_RULE,0,2026-01-15T21:39:23+00:00,2026-01-16T00:05:11+00:00
5d659169-a5a3-543f-8c54-5d8d58e8bf6c,9fd093c0-98ac-5c3e-bae5-ce6b1c5040e8,,SHOPIFY_PAYOUT,Shopify/Stripe,Shopify settlement (some months appear as STRIPE).,80,AUTO_RULE,0,2026-01-15T21:39:23+00:00,2026-01-16T00:05:11+00:00
f62e2d99-a09f-5646-8b35-1dd9b1c7f3f0,d0e90765-7a31-50cf-af7c-c766fba08cfe,,SHOPIFY_PAYOUT,Shopify/Stripe,Shopify settlement (some months appear as STRIPE).,80,AUTO_RULE,0,2026-01-15T21:39:23+00:00,2026-01-16T00:05:11+00:00
11a4913d-7811-5c0b-a993-b140adaf0f98,967f74bc-dbc5-5932-ada7-2d351be5ec91,,SHOPIFY_PAYOUT,Shopify/Stripe,Shopify settlement (some months appear as STRIPE).,80,AUTO_RULE,0,2026-01-15T21:39:23+00:00,2026-01-16T00:05:11+00:00
5085bb19-ac4c-59b8-9187-eeafbefd6096,f68f31bb-130d-5dd1-af58-1765f2250722,,SHOPIFY_PAYOUT,Shopify/Stripe,Shopify settlement (some months appear as STRIPE).,80,AUTO_RULE,0,2026-01-15T21:39:23+00:00,2026-01-16T00:05:11+00:00
61dee7ba-abf7-591f-be89-252c5d4cfc0a,6e82ccc6-2104-5184-85ea-4675abff5940,,SHOPIFY_PAYOUT,Shopify/Stripe,Shopify settlement (some months appear as STRIPE).,80,AUTO_RULE,0,2026-01-15T21:39:23+00:00,2026-01-16T00:05:11+00:00
da263ed1-5fdc-50bb-a8b3-d402f262139a,f01442bc-6fdc-5d7c-8793-86a1c2eb2d2f,,SHOPIFY_PAYOUT,Shopify/Stripe,Shopify settlement (some months appear as STRIPE).,80,AUTO_RULE,0,2026-01-15T21:39:23+00:00,2026-01-16T00:05:11+00:00
f354cb75-843f-59bb-8ba9-b5e4a1bcecd3,8429f891-686c-55a8-a68d-98fa5c90832f,,CASH_DEPOSIT,,Bank deposit treated as cash deposit (see cash_deposit_groups).,80,AUTO_RULE,0,2026-01-15T21:39:23+00:00,2026-01-16T00:05:11+00:00
609290cf-d7c1-5965-a61b-c79ac2f4452e,95ca7937-3608-5f1f-a694-f5a990ffa848,,SHOPIFY_PAYOUT,Shopify/Stripe,Shopify settlement (some months appear as STRIPE).,80,AUTO_RULE,0,2026-01-15T21:39:23+00:00,2026-01-16T00:05:11+00:00
fdb3dea7-b3b2-5643-bbe7-1cd92383a20e,5ac12bf4-515b-5a1a-97b6-6b52fe9b260d,,SHOPIFY_PAYOUT,Shopify/Stripe,Shopify settlement (some months appear as STRIPE).,80,AUTO_RULE,0,2026-01-15T21:39:23+00:00,2026-01-16T00:05:11+00:00
c49404e0-b626-5463-8de3-5bf4a65adf8f,53a32e5e-b0ea-5247-afa0-51e03414d179,,SHOPIFY_PAYOUT,Shopify/Stripe,Shopify settlement (some months appear as STRIPE).,80,AUTO_RULE,0,2026-01-15T21:39:23+00:00,2026-01-16T00:05:11+00:00
b4046b7f-b62f-5ed1-87b3-77b5a62c0e87,26465a50-7b77-57dc-b8c8-7f5dbafc0593,,CASH_DEPOSIT,,Bank deposit treated as cash deposit (see cash_deposit_groups).,80,AUTO_RULE,0,2026-01-15T21:39:23+00:00,2026-01-16T00:05:11+00:00
790bd9ec-752e-5cde-8aff-ace19442371e,568bd471-5336-59e0-82d9-bdaae0d2a7f6,,SHOPIFY_PAYOUT,Shopify/Stripe,Shopify settlement (some months appear as STRIPE).,80,AUTO_RULE,0,2026-01-15T21:39:23+00:00,2026-01-16T00:05:11+00:00
8bf19b5c-23f8-5cfa-b27d-d9e7518f2b16,b508416a-4b09-5cb1-aae9-62bc21fd7df2,,SHOPIFY_PAYOUT,Shopify/Stripe,Shopify settlement (some months appear as STRIPE).,80,AUTO_RULE,0,2026-01-15T21:39:23+00:00,2026-01-16T00:05:11+00:00
9d0119cb-8998-58d5-98bf-69b7845d1fbc,ce8d1f22-6051-5020-a1c0-a7aaf521dec8,,SHOPIFY_PAYOUT,Shopify/Stripe,Shopify settlement (some months appear as STRIPE).,80,AUTO_RULE,0,2026-01-15T21:39:23+00:00,2026-01-16T00:05:11+00:00
f73bfd67-99d9-542a-9d28-c3ecae014892,71decfca-cc33-57ea-911a-313b9151fa8a,,CASH_DEPOSIT,,Bank deposit treated as cash deposit (see cash_deposit_groups).,80,AUTO_RULE,0,2026-01-15T21:39:23+00:00,2026-01-16T00:05:11+00:00
07678ecc-edf8-52af-a6ed-fc0d7e0d8a5c,e79a5030-1c0a-585a-968d-d01de3b48567,,SHOPIFY_PAYOUT,Shopify/Stripe,Shopify settlement (some months appear as STRIPE).,80,AUTO_RULE,0,2026-01-15T21:39:23+00:00,2026-01-16T00:05:11+00:00
11072907-74cd-5f1d-b4aa-dafe371ab1eb,6525913b-c03d-53a3-8f94-9f8d9c7efac8,,SHOPIFY_PAYOUT,Shopify/Stripe,Shopify settlement (some months appear as STRIPE).,80,AUTO_RULE,0,2026-01-15T21:39:23+00:00,2026-01-16T00:05:11+00:00
5b07400c-52b2-593e-8c65-4c06c16ad087,93d63fab-4194-5f1b-83de-e78e7c695159,,SHOPIFY_PAYOUT,Shopify/Stripe,Shopify settlement (some months appear as STRIPE).,80,AUTO_RULE,0,2026-01-15T21:39:23+00:00,2026-01-16T00:05:11+00:00
416cd72b-8f32-52f1-ac39-207d6b712406,94d42e5e-1385-5d5c-a917-03538d79f041,,SHOPIFY_PAYOUT,Shopify/Stripe,Shopify settlement (some months appear as STRIPE).,80,AUTO_RULE,0,2026-01-15T21:39:23+00:00,2026-01-16T00:05:11+00:00
569c0458-5e20-5b98-812c-c6b222a05fbc,7e336d8d-64a9-51fe-8e85-13c82ed37dcf,,SHOPIFY_PAYOUT,Shopify/Stripe,Shopify settlement (some months appear as STRIPE).,80,AUTO_RULE,0,2026-01-15T21:39:23+00:00,2026-01-16T00:05:11+00:00
be1c3140-ac26-5ce9-86d1-286b7f860470,6d9baf3f-fdfb-5b58-83be-f836961d6a9f,,SHOPIFY_PAYOUT,Shopify/Stripe,Shopify settlement (some months appear as STRIPE).,80,AUTO_RULE,0,2026-01-15T21:39:23+00:00,2026-01-16T00:05:11+00:00
4cf891cb-eb1e-59dc-bc77-845e30da1617,9e9c3786-d2ed-54d0-acea-d2be32ef02d7,,SHOPIFY_PAYOUT,Shopify/Stripe,Shopify settlement (some months appear as STRIPE).,80,AUTO_RULE,0,2026-01-15T21:39:23+00:00,2026-01-16T00:05:11+00:00
43a6e817-c9b7-5067-a0ec-60ce02a56dda,4e8197ed-9815-55ff-b5ff-96477f1702ea,,SHOPIFY_PAYOUT,Shopify/Stripe,Shopify settlement (some months appear as STRIPE).,80,AUTO_RULE,0,2026-01-15T21:39:23+00:00,2026-01-16T00:05:11+00:00
5e47fad6-f13b-5d40-82cd-70738b9ff3bb,2d6bf7ec-8f1f-50dc-9314-80960a53b24f,,CASH_DEPOSIT,,Bank deposit treated as cash deposit (see cash_deposit_groups).,80,AUTO_RULE,0,2026-01-15T21:39:23+00:00,2026-01-16T00:05:11+00:00
82ef7d52-49fa-5d9a-84ac-854f76caf3e9,05b4400c-51c3-5187-94fc-e97545bfee70,,SHOPIFY_PAYOUT,Shopify/Stripe,Shopify settlement (some months appear as STRIPE).,80,AUTO_RULE,0,2026-01-15T21:39:23+00:00,2026-01-16T00:05:11+00:00
de76acff-ec1a-5f03-9457-75b07c574747,ab6cb86d-239b-5a80-a482-db820d48be78,,SHOPIFY_PAYOUT,Shopify/Stripe,Shopify settlement (some months appear as STRIPE).,80,AUTO_RULE,0,2026-01-15T21:39:23+00:00,2026-01-16T00:05:11+00:00
3e64f0f2-d680-5705-8153-59ba29ff75a4,346c887e-47b8-502c-bd14-a349a76e9b73,,SHOPIFY_PAYOUT,Shopify/Stripe,Shopify settlement (some months appear as STRIPE).,80,AUTO_RULE,0,2026-01-15T21:39:23+00:00,2026-01-16T00:05:11+00:00
357022dd-75e7-535b-8a40-6e70103a477e,0c5fab57-9414-5c7f-9ca4-5c4db103d173,,SHOPIFY_PAYOUT,Shopify/Stripe,Shopify settlement (some months appear as STRIPE).,80,AUTO_RULE,0,2026-01-15T21:39:23+00:00,2026-01-16T00:05:11+00:00
58432d3a-8505-540b-9261-c379698f8678,61176bb2-2d2c-5079-813b-688cbd7cc60f,,SHOPIFY_PAYOUT,Shopify/Stripe,Shopify settlement (some months appear as STRIPE).,80,AUTO_RULE,0,2026-01-15T21:39:23+00:00,2026-01-16T00:05:11+00:00
3c5eaa7e-a875-54ee-a59d-36bb8d81a7f4,2c2a4f7a-e307-5dcf-a73d-c814753a07ff,,SHOPIFY_PAYOUT,Shopify/Stripe,Shopify settlement (some months appear as STRIPE).,80,AUTO_RULE,0,2026-01-15T21:39:23+00:00,2026-01-16T00:05:11+00:00
7327f2b0-8a76-58cc-aebc-71f0f48bf113,18de4990-b62d-525e-990f-dd495cef7ad1,,SHOPIFY_PAYOUT,Shopify/Stripe,Shopify settlement (some months appear as STRIPE).,80,AUTO_RULE,0,2026-01-15T21:39:23+00:00,2026-01-16T00:05:11+00:00
826c1f14-5dee-5896-bb4f-fc636a444d9f,14060381-8dcd-5dce-81a7-257cfa6ec97d,,SHOPIFY_PAYOUT,Shopify/Stripe,Shopify settlement (some months appear as STRIPE).,80,AUTO_RULE,0,2026-01-15T21:39:23+00:00,2026-01-16T00:05:11+00:00
b76f136a-1b10-502d-8148-608148f49ce2,21eef773-cb15-50b3-938a-582b236a39ca,,SHOPIFY_PAYOUT,Shopify/Stripe,Shopify settlement (some months appear as STRIPE).,80,AUTO_RULE,0,2026-01-15T21:39:23+00:00,2026-01-16T00:05:11+00:00
57e055a5-c608-562f-8135-48aaf9ce3e2e,d7d534a7-4cf8-594f-92d4-7580d3dc1a62,,SHOPIFY_PAYOUT,Shopify/Stripe,Shopify settlement (some months appear as STRIPE).,80,AUTO_RULE,0,2026-01-15T21:39:23+00:00,2026-01-16T00:05:11+00:00
4be2edfd-620c-5380-a140-917581039313,78532189-cd45-5fcc-859d-285d6edd44c3,,SHOPIFY_PAYOUT,Shopify/Stripe,Shopify settlement (some months appear as STRIPE).,80,AUTO_RULE,0,2026-01-15T21:39:23+00:00,2026-01-16T00:05:11+00:00
374834b2-4384-5df6-8dd7-a8e2277b3c27,39d93a52-9904-5d97-8c55-83b0f540a2e4,,SHOPIFY_PAYOUT,Shopify/Stripe,Shopify settlement (some months appear as STRIPE).,80,AUTO_RULE,0,2026-01-15T21:39:23+00:00,2026-01-16T00:05:11+00:00
7f6c0b87-e871-53a6-bbfc-119a9698d166,e1c76181-e3a8-5c63-ad38-b2273a4c91ea,,SHOPIFY_PAYOUT,Shopify/Stripe,Shopify settlement (some months appear as STRIPE).,80,AUTO_RULE,0,2026-01-15T21:39:23+00:00,2026-01-16T00:05:11+00:00
ceacd273-ce83-52fe-aa8b-b74aa237c35e,75d08886-4c4f-5b64-a782-fc81ce07af38,,SHOPIFY_PAYOUT,Shopify/Stripe,Shopify settlement (some months appear as STRIPE).,80,AUTO_RULE,0,2026-01-15T21:39:23+00:00,2026-01-16T00:05:11+00:00
f83cfe4d-4f03-5e08-a9c8-683f4adcf7e7,662f30b1-b00d-5fce-80df-ca5f5bdc5ba7,,SHOPIFY_PAYOUT,Shopify/Stripe,Shopify settlement (some months appear as STRIPE).,80,AUTO_RULE,0,2026-01-15T21:39:23+00:00,2026-01-16T00:05:11+00:00
e1522fe3-330c-5204-bafc-3214564e1500,81093c3d-2609-5e2b-83c6-57254cca49f1,,SHOPIFY_PAYOUT,Shopify/Stripe,Shopify settlement (some months appear as STRIPE).,80,AUTO_RULE,0,2026-01-15T21:39:23+00:00,2026-01-16T00:05:11+00:00
1622085b-4f7b-5d9a-aa97-15e247992054,ba120261-20dd-5f4f-86b9-c2de390bcdb0,,SHOPIFY_PAYOUT,Shopify/Stripe,Shopify settlement (some months appear as STRIPE).,80,AUTO_RULE,0,2026-01-15T21:39:23+00:00,2026-01-16T00:05:11+00:00
c140c517-f8c4-53f8-bf1d-e1a12ab8d9b2,a3f11631-899e-54d0-8f9b-ff83ffc14271,,SHOPIFY_PAYOUT,Shopify/Stripe,Shopify settlement (some months appear as STRIPE).,80,AUTO_RULE,0,2026-01-15T21:39:23+00:00,2026-01-16T00:05:11+00:00
7da5669c-2715-5542-a46f-77131e9db8e8,5966b6b2-0272-5070-a03a-4c3c776e679e,,CASH_DEPOSIT,,Bank deposit treated as cash deposit (see cash_deposit_groups).,80,AUTO_RULE,0,2026-01-15T21:39:23+00:00,2026-01-16T00:05:11+00:00
03d8bf84-a93a-5ad9-8eb2-ed9654248bef,8f253a74-9e59-5d1a-bba8-b188373a1df7,,SHOPIFY_PAYOUT,Shopify/Stripe,Shopify settlement (some months appear as STRIPE).,80,AUTO_RULE,0,2026-01-15T21:39:23+00:00,2026-01-16T00:05:11+00:00
48df829f-f992-5af4-a09c-fc1737c9d3cc,517a2092-b1dd-52f0-bb8b-e1a6ad89164f,,SHOPIFY_PAYOUT,Shopify/Stripe,Shopify settlement (some months appear as STRIPE).,80,AUTO_RULE,0,2026-01-15T21:39:23+00:00,2026-01-16T00:05:11+00:00
9daa273a-39b4-5f89-9294-75a0a1e77610,e0e49a71-f21c-5ca1-9593-dc0714ae633a,,SHOPIFY_PAYOUT,Shopify/Stripe,Shopify settlement (some months appear as STRIPE).,80,AUTO_RULE,0,2026-01-15T21:39:23+00:00,2026-01-16T00:05:11+00:00
a8c4b174-05ba-5ee6-b0fd-b479fffabb6d,1bcf4280-53f5-5232-9ef3-e1e4cac2aa78,,SHOPIFY_PAYOUT,Shopify/Stripe,Shopify settlement (some months appear as STRIPE).,80,AUTO_RULE,0,2026-01-15T21:39:23+00:00,2026-01-16T00:05:11+00:00
30fcfadc-fad7-5715-9002-4052c8fa8bec,fb2ac803-863d-55d8-9cf5-70f639c1b4a6,,SHOPIFY_PAYOUT,Shopify/Stripe,Shopify settlement (some months appear as STRIPE).,80,AUTO_RULE,0,2026-01-15T21:39:23+00:00,2026-01-16T00:05:11+00:00
b653d27a-cdcd-5a01-9e0b-7ec7b7bff1df,ae72f545-8b4c-5236-a9b9-30ee0cc09535,,SHOPIFY_PAYOUT,Shopify/Stripe,Shopify settlement (some months appear as STRIPE).,80,AUTO_RULE,0,2026-01-15T21:39:23+00:00,2026-01-16T00:05:11+00:00
3a935c19-03ff-5d79-b053-7c32560ec7de,c902d64d-8a65-54de-88ad-a537e0b448aa,,SHOPIFY_PAYOUT,Shopify/Stripe,Shopify settlement (some months appear as STRIPE).,80,AUTO_RULE,0,2026-01-15T21:39:23+00:00,2026-01-16T00:05:11+00:00
6c2357a8-d58b-5ae5-a21f-ef2dc981677f,f7f6a781-e428-5fc8-8f66-71fc083cf2c2,,SHOPIFY_PAYOUT,Shopify/Stripe,Shopify settlement (some months appear as STRIPE).,80,AUTO_RULE,0,2026-01-15T21:39:23+00:00,2026-01-16T00:05:11+00:00
f204c3e4-f2aa-504f-8c58-0cc544eddbaf,572090e5-480f-5821-be1a-bc7501790586,,SHOPIFY_PAYOUT,Shopify/Stripe,Shopify settlement (some months appear as STRIPE).,80,AUTO_RULE,0,2026-01-15T21:39:23+00:00,2026-01-16T00:05:11+00:00
83d10daf-9f5c-5ae7-8fd9-902e749ab66a,adea2130-4131-5b7b-8b1b-73771df2aa58,,CASH_DEPOSIT,,Bank deposit treated as cash deposit (see cash_deposit_groups).,80,AUTO_RULE,0,2026-01-15T21:39:23+00:00,2026-01-16T00:05:11+00:00
17faa38b-d5e9-55c5-98a6-591708a26ae9,e0b19669-626a-5b20-88c8-ce534480c251,,SHOPIFY_PAYOUT,Shopify/Stripe,Shopify settlement (some months appear as STRIPE).,80,AUTO_RULE,0,2026-01-15T21:39:23+00:00,2026-01-16T00:05:11+00:00
f7936e48-e104-5bbb-937d-94665036447d,d17147f0-062d-5401-adf5-7e52b17e53e9,,VENDOR_CREDIT_MEMO,Gordon Food Service Canada Ltd,Known rare offseason GFS credit memo; typically credit memos are netted into PAD debits.,98,AUTO_RULE,0,2026-01-15T21:39:23+00:00,2026-01-16T00:05:11+00:00
3b24fb23-637e-5ab7-87c9-51f70d37d4e4,bbf46add-5e56-5f8b-b6d8-f64f5c9376b0,,SHOPIFY_PAYOUT,Shopify/Stripe,Shopify settlement (some months appear as STRIPE).,80,AUTO_RULE,0,2026-01-15T21:39:23+00:00,2026-01-16T00:05:11+00:00
c463c4c7-1987-5ae0-b500-4dca1e708e06,8c492d6f-5d01-5773-b11c-bfca0ad57b8a,,SHOPIFY_PAYOUT,Shopify/Stripe,Shopify settlement (some months appear as STRIPE).,80,AUTO_RULE,0,2026-01-15T21:39:23+00:00,2026-01-16T00:05:11+00:00
129cdbaf-3ea2-5a78-9d24-fd9ed0b8cbf9,946a243c-a321-5428-b5bd-ecdf528a8d85,,SHOPIFY_PAYOUT,Shopify/Stripe,Shopify settlement (some months appear as STRIPE).,80,AUTO_RULE,0,2026-01-15T21:39:23+00:00,2026-01-16T00:05:11+00:00
54b6590e-7f7b-5da1-9fa3-6817beef3008,85017956-0e31-582c-b1b8-6ef038f81bcd,,SHOPIFY_PAYOUT,Shopify/Stripe,Shopify settlement (some months appear as STRIPE).,80,AUTO_RULE,0,2026-01-15T21:39:23+00:00,2026-01-16T00:05:11+00:00
d86a4c3c-ef11-5263-97f8-4051e169b8ef,e66ddcea-7c34-5b20-83fc-c07a9c32b678,,SHOPIFY_PAYOUT,Shopify/Stripe,Shopify settlement (some months appear as STRIPE).,80,AUTO_RULE,0,2026-01-15T21:39:23+00:00,2026-01-16T00:05:11+00:00
bb1bc452-7404-5021-9f3b-cf698c0dcf97,8fe50daa-b810-58a8-ae95-a32b2e4c3c30,,SHOPIFY_PAYOUT,Shopify/Stripe,Shopify settlement (some months appear as STRIPE).,80,AUTO_RULE,0,2026-01-15T21:39:23+00:00,2026-01-16T00:05:11+00:00
21d6fe62-5249-594d-800c-ee793f5cc594,77e8c940-1eb9-5e15-9c4e-ec90bf8bd07f,,SHOPIFY_PAYOUT,Shopify/Stripe,Shopify settlement (some months appear as STRIPE).,80,AUTO_RULE,0,2026-01-15T21:39:23+00:00,2026-01-16T00:05:11+00:00
d5e9dd50-f663-58f2-9088-d45d2723a384,a0c3c8c6-6a96-541f-872e-d3f8847c9a96,,SHOPIFY_PAYOUT,Shopify/Stripe,Shopify settlement (some months appear as STRIPE).,80,AUTO_RULE,0,2026-01-15T21:39:23+00:00,2026-01-16T00:05:11+00:00
0a067f02-50e9-519c-be7e-340d1e0119fc,e524e3a3-3ad1-5fb2-bcd7-0ea054604658,,SHOPIFY_PAYOUT,Shopify/Stripe,Shopify settlement (some months appear as STRIPE).,80,AUTO_RULE,0,2026-01-15T21:39:23+00:00,2026-01-16T00:05:11+00:00
8a98f3ba-5105-5177-9014-b111d14010f7,c91406d4-66b2-5062-99b1-e7d78af9e398,,SHOPIFY_PAYOUT,Shopify/Stripe,Shopify settlement (some months appear as STRIPE).,80,AUTO_RULE,0,2026-01-15T21:39:23+00:00,2026-01-16T00:05:11+00:00
e6adb89d-bd80-5e64-a968-830243f1b5ac,3d14648e-6011-55aa-ab1e-2f212147c116,,SHOPIFY_PAYOUT,Shopify/Stripe,Shopify settlement (some months appear as STRIPE).,80,AUTO_RULE,0,2026-01-15T21:39:23+00:00,2026-01-16T00:05:11+00:00
8ac00e5f-de55-508d-9c2c-b6ad02fceb0a,9ecd5847-3f6d-52a1-a152-26e228c26935,,SHOPIFY_PAYOUT,Shopify/Stripe,Shopify settlement (some months appear as STRIPE).,80,AUTO_RULE,0,2026-01-15T21:39:23+00:00,2026-01-16T00:05:11+00:00
0a46947c-d3f4-54b1-8c9b-01c0398008a2,70d8c272-118f-57ab-b278-140df1494c50,,SHOPIFY_PAYOUT,Shopify/Stripe,Shopify settlement (some months appear as STRIPE).,80,AUTO_RULE,0,2026-01-15T21:39:23+00:00,2026-01-16T00:05:11+00:00
c5fe400c-612b-5173-9b08-f2720de9c70c,37ba5953-9904-5d01-a95d-c74988d58dfa,,SHOPIFY_PAYOUT,Shopify/Stripe,Shopify settlement (some months appear as STRIPE).,80,AUTO_RULE,0,2026-01-15T21:39:23+00:00,2026-01-16T00:05:11+00:00
086c4ead-c639-5df1-bb26-3349d74a1e4a,b5954b17-302d-5d97-8e19-cd00d3c7205d,,SHOPIFY_PAYOUT,Shopify/Stripe,Shopify settlement (some months appear as STRIPE).,80,AUTO_RULE,0,2026-01-15T21:39:23+00:00,2026-01-16T00:05:11+00:00
0018ad15-b7ad-505e-a1e9-33c90ae1019e,a347a3dd-2d7c-5fb5-b2f2-9a9372a36595,,SHOPIFY_PAYOUT,Shopify/Stripe,Shopify settlement (some months appear as STRIPE).,80,AUTO_RULE,0,2026-01-15T21:39:23+00:00,2026-01-16T00:05:11+00:00
df37a70b-6775-5247-9a90-cbbbe9be7230,da95d485-003e-50fe-9eac-6713d4f6183e,,SHOPIFY_PAYOUT,Shopify/Stripe,Shopify settlement (some months appear as STRIPE).,80,AUTO_RULE,0,2026-01-15T21:39:23+00:00,2026-01-16T00:05:11+00:00
56951f78-2c98-58bc-9ffd-43c78f5b69dc,002993ec-614a-5bbd-a43c-958df8e61768,,SHOPIFY_PAYOUT,Shopify/Stripe,Shopify settlement (some months appear as STRIPE).,80,AUTO_RULE,0,2026-01-15T21:39:23+00:00,2026-01-16T00:05:11+00:00
48f8f50c-8e0e-5cd5-bf6b-a774158cd1a5,92c891fd-7065-5339-8414-d54b47bb1a05,,SHOPIFY_PAYOUT,Shopify/Stripe,Shopify settlement (some months appear as STRIPE).,80,AUTO_RULE,0,2026-01-15T21:39:23+00:00,2026-01-16T00:05:11+00:00
4af14d61-d37f-51e5-ab38-5a0e45c39182,9537b84d-4349-5ae6-be7f-c120c76695b2,,SHOPIFY_PAYOUT,Shopify/Stripe,Shopify settlement (some months appear as STRIPE).,80,AUTO_RULE,0,2026-01-15T21:39:23+00:00,2026-01-16T00:05:11+00:00
eadcc9f3-369b-536c-ab2e-c5e0dc2a9628,4dbab7e4-69d3-5014-b3e8-1652e9ab72d3,,SHOPIFY_PAYOUT,Shopify/Stripe,Shopify settlement (some months appear as STRIPE).,80,AUTO_RULE,0,2026-01-15T21:39:23+00:00,2026-01-16T00:05:11+00:00
f35d8686-98c6-5979-961a-9c2cfd2d1e60,0e70db21-3cfd-5747-993d-9e7aee03622c,,CASH_DEPOSIT,,Bank deposit treated as cash deposit (see cash_deposit_groups).,80,AUTO_RULE,0,2026-01-15T21:39:23+00:00,2026-01-16T00:05:11+00:00
84678b29-b61c-500e-a45b-20c3769eed4f,dd02668f-d87b-5ebe-935f-1e1ae3ff1694,,SHOPIFY_PAYOUT,Shopify/Stripe,Shopify settlement (some months appear as STRIPE).,80,AUTO_RULE,0,2026-01-15T21:39:23+00:00,2026-01-16T00:05:11+00:00
e9978c5e-ce04-5357-85b8-3b6d4ed242fc,3576f93c-5e3d-5cad-9f33-f2c2f9e84c79,,SHOPIFY_PAYOUT,Shopify/Stripe,Shopify settlement (some months appear as STRIPE).,80,AUTO_RULE,0,2026-01-15T21:39:23+00:00,2026-01-16T00:05:11+00:00
ed82ee95-bfe1-5bc8-83d3-6aff6b6cff0e,b82259f0-9944-5d0c-8bf9-0f14c016ffd2,,SHOPIFY_PAYOUT,Shopify/Stripe,Shopify settlement (some months appear as STRIPE).,80,AUTO_RULE,0,2026-01-15T21:39:23+00:00,2026-01-16T00:05:11+00:00
500f08c9-e28e-56c0-bf48-c32927e2f4ea,34a3e276-95f3-596d-9e4d-f2d8c1dadda9,,SHOPIFY_PAYOUT,Shopify/Stripe,Shopify settlement (some months appear as STRIPE).,80,AUTO_RULE,0,2026-01-15T21:39:23+00:00,2026-01-16T00:05:11+00:00
2c69a426-aa35-5cb0-af68-e59f73102530,3a116a3f-5a9c-5c33-9865-c69f81c21c6b,,SHOPIFY_PAYOUT,Shopify/Stripe,Shopify settlement (some months appear as STRIPE).,80,AUTO_RULE,0,2026-01-15T21:39:23+00:00,2026-01-16T00:05:11+00:00
e0f99b4e-cec1-5a5d-9e9a-67ab88f16b25,66d603c3-9ebd-5426-a2ab-36d3946f50cb,,SHOPIFY_PAYOUT,Shopify/Stripe,Shopify settlement (some months appear as STRIPE).,80,AUTO_RULE,0,2026-01-15T21:39:23+00:00,2026-01-16T00:05:11+00:00
8745768f-269e-5452-a8db-3c239aa002c2,2af58ef4-74dc-573a-b8ad-beea038ea2bb,,SHOPIFY_PAYOUT,Shopify/Stripe,Shopify settlement (some months appear as STRIPE).,80,AUTO_RULE,0,2026-01-15T21:39:23+00:00,2026-01-16T00:05:11+00:00
a9975be0-faee-56a8-af96-496b31b1071b,30a93081-d371-54b3-9152-a1bcf3bba243,,SHOPIFY_PAYOUT,Shopify/Stripe,Shopify settlement (some months appear as STRIPE).,80,AUTO_RULE,0,2026-01-15T21:39:23+00:00,2026-01-16T00:05:11+00:00
c4aa8daf-bc9d-57fe-9787-0054fcd3b901,508b73a8-51c9-5fb5-a19e-1154a1ebbe82,,SHOPIFY_PAYOUT,Shopify/Stripe,Shopify settlement (some months appear as STRIPE).,80,AUTO_RULE,0,2026-01-15T21:39:23+00:00,2026-01-16T00:05:11+00:00
84b554f1-0727-53a6-907b-8617e163be1d,ec58dc82-032d-5f5f-a25e-1505ad575942,,CASH_DEPOSIT,,Bank deposit treated as cash deposit (see cash_deposit_groups).,80,AUTO_RULE,0,2026-01-15T21:39:23+00:00,2026-01-16T00:05:11+00:00
c5c26ceb-88dd-5b99-8399-31944e632e92,2d40d721-e085-56f1-9aaf-43e31ba9f1e3,,CASH_DEPOSIT,,Bank deposit treated as cash deposit (see cash_deposit_groups).,80,AUTO_RULE,0,2026-01-15T21:39:23+00:00,2026-01-16T00:05:11+00:00
6b99ed8e-4a4d-517b-a5be-635d72695079,ac761b49-37e7-5276-a243-75a676e198ed,,SHOPIFY_PAYOUT,Shopify/Stripe,Shopify settlement (some months appear as STRIPE).,80,AUTO_RULE,0,2026-01-15T21:39:23+00:00,2026-01-16T00:05:11+00:00
d6d5b6cf-3408-5a1b-b8f9-54e7fa8b682c,0798166c-c757-5029-b3b9-97d0ec5423c8,,SHOPIFY_PAYOUT,Shopify/Stripe,Shopify settlement (some months appear as STRIPE).,80,AUTO_RULE,0,2026-01-15T21:39:23+00:00,2026-01-16T00:05:11+00:00
a340f45a-7ba7-511d-b615-61410f8d66ca,c61ba26c-5bc3-5ef6-8092-4dd4433847fe,,SHOPIFY_PAYOUT,Shopify/Stripe,Shopify settlement (some months appear as STRIPE).,80,AUTO_RULE,0,2026-01-15T21:39:23+00:00,2026-01-16T00:05:11+00:00
30704946-e46d-5a3b-821a-7b9d9e754841,39d7d48b-d954-5ea8-ab51-497b8e127f4f,,SHOPIFY_PAYOUT,Shopify/Stripe,Shopify settlement (some months appear as STRIPE).,80,AUTO_RULE,0,2026-01-15T21:39:23+00:00,2026-01-16T00:05:11+00:00
b3d1473a-5832-51a9-a49e-a9400952937c,51c1b248-e3b0-50fb-a4f6-ad9a22e9feb5,,SHOPIFY_PAYOUT,Shopify/Stripe,Shopify settlement (some months appear as STRIPE).,80,AUTO_RULE,0,2026-01-15T21:39:23+00:00,2026-01-16T00:05:11+00:00
6eba7e6f-4257-502c-9ded-02db9660f71b,495a07e2-bb87-55be-95b7-b73d611a6590,,SHOPIFY_PAYOUT,Shopify/Stripe,Shopify settlement (some months appear as STRIPE).,80,AUTO_RULE,0,2026-01-15T21:39:23+00:00,2026-01-16T00:05:11+00:00
d01f6ca9-9fd1-5cff-b25f-7d6ebb3b965a,d0e06d6d-e076-5043-88b2-1f48aea459c6,,SHOPIFY_PAYOUT,Shopify/Stripe,Shopify settlement (some months appear as STRIPE).,80,AUTO_RULE,0,2026-01-15T21:39:23+00:00,2026-01-16T00:05:11+00:00
ce7fd453-045c-55a5-804c-5a5f36c93da0,65c62fcc-5c06-587e-bbaf-d4c94c5b0302,,SHOPIFY_PAYOUT,Shopify/Stripe,Shopify settlement (some months appear as STRIPE).,80,AUTO_RULE,0,2026-01-15T21:39:23+00:00,2026-01-16T00:05:11+00:00
a722ce5b-d82a-551f-aac9-dbf96911561b,acceb989-d256-5ba2-962f-cbfd61d9b502,,SHOPIFY_PAYOUT,Shopify/Stripe,Shopify settlement (some months appear as STRIPE).,80,AUTO_RULE,0,2026-01-15T21:39:23+00:00,2026-01-16T00:05:11+00:00
85aecf6f-b689-5f63-a67b-ae979e2aca21,bfc65520-dd63-5b9a-8ca4-c7ad830fdc9c,,CASH_DEPOSIT,,Bank deposit treated as cash deposit (see cash_deposit_groups).,80,AUTO_RULE,0,2026-01-15T21:39:23+00:00,2026-01-16T00:05:11+00:00
ae079ada-7e50-5680-af56-ea8087c9c8bf,4956eacd-5675-5ac0-9c0c-a14fc3be03d3,,SHOPIFY_PAYOUT,Shopify/Stripe,Shopify settlement (some months appear as STRIPE).,80,AUTO_RULE,0,2026-01-15T21:39:23+00:00,2026-01-16T00:05:11+00:00
ac4e240f-7f72-5137-afc7-f41a102c9a4e,fd5ea264-85b9-59ac-be68-be3ca9272710,,SHOPIFY_PAYOUT,Shopify/Stripe,Shopify settlement (some months appear as STRIPE).,80,AUTO_RULE,0,2026-01-15T21:39:23+00:00,2026-01-16T00:05:11+00:00
785ecc8f-6832-552b-8c67-b189b040de4c,2de0cec6-d683-5037-a533-3e9e2dc162a4,,SHOPIFY_PAYOUT,Shopify/Stripe,Shopify settlement (some months appear as STRIPE).,80,AUTO_RULE,0,2026-01-15T21:39:23+00:00,2026-01-16T00:05:11+00:00
82728611-af5a-574b-9eed-281379eb4272,23142c0e-ac51-52f2-906b-5eb9e4810b37,,SHOPIFY_PAYOUT,Shopify/Stripe,Shopify settlement (some months appear as STRIPE).,80,AUTO_RULE,0,2026-01-15T21:39:23+00:00,2026-01-16T00:05:11+00:00
f931de36-4d25-52b7-a4ae-01bddc6a4613,79a616fd-7104-5a46-b781-693dc8790b0d,,SHOPIFY_PAYOUT,Shopify/Stripe,Shopify settlement (some months appear as STRIPE).,80,AUTO_RULE,0,2026-01-15T21:39:23+00:00,2026-01-16T00:05:11+00:00
82d0d485-584e-5367-88a6-3b60acee7b05,6eb80043-b69a-5966-9932-092b69ca0886,,SHOPIFY_PAYOUT,Shopify/Stripe,Shopify settlement (some months appear as STRIPE).,80,AUTO_RULE,0,2026-01-15T21:39:23+00:00,2026-01-16T00:05:11+00:00
ad503a51-a075-5c9e-9cbe-61eb8f30f0ed,20109b54-656d-54ed-9051-204353fc0046,,SHOPIFY_PAYOUT,Shopify/Stripe,Shopify settlement (some months appear as STRIPE).,80,AUTO_RULE,0,2026-01-15T21:39:23+00:00,2026-01-16T00:05:11+00:00
e85e9c11-5617-591a-94a1-42e3c9eaa0fb,86b57f67-bc82-5dff-ab6d-e5ca844fb9c8,,SHOPIFY_PAYOUT,Shopify/Stripe,Shopify settlement (some months appear as STRIPE).,80,AUTO_RULE,0,2026-01-15T21:39:23+00:00,2026-01-16T00:05:11+00:00
0bda9e82-3be1-5a26-97f7-96fcc7f966f4,675c781f-0566-54a3-aaca-c359190b7570,,SHOPIFY_PAYOUT,Shopify/Stripe,Shopify settlement (some months appear as STRIPE).,80,AUTO_RULE,0,2026-01-15T21:39:23+00:00,2026-01-16T00:05:11+00:00
0dfd8885-d72a-594b-8039-078e3f6947aa,e5d808c0-93e5-5dc8-aec9-a0142ae94814,,CASH_DEPOSIT,,Bank deposit treated as cash deposit (see cash_deposit_groups).,80,AUTO_RULE,0,2026-01-15T21:39:23+00:00,2026-01-16T00:05:11+00:00
e61ae0d7-7a65-5707-a2bd-964d209a3f9f,26a3229a-c607-57f4-b717-d506389e7e2b,,SHOPIFY_PAYOUT,Shopify/Stripe,Shopify settlement (some months appear as STRIPE).,80,AUTO_RULE,0,2026-01-15T21:39:23+00:00,2026-01-16T00:05:11+00:00
34641ded-7d2c-596d-821b-44874d91b782,548e95b8-ae4d-56ee-a631-0e99a1edf1d4,,SHOPIFY_PAYOUT,Shopify/Stripe,Shopify settlement (some months appear as STRIPE).,80,AUTO_RULE,0,2026-01-15T21:39:23+00:00,2026-01-16T00:05:11+00:00
72b40a9c-69ed-56df-9059-d748f06e12dc,0f5140ed-d43f-5b41-9e13-8255ab14eced,,SHOPIFY_PAYOUT,Shopify/Stripe,Shopify settlement (some months appear as STRIPE).,80,AUTO_RULE,0,2026-01-15T21:39:23+00:00,2026-01-16T00:05:11+00:00
16bad43f-8bb0-55b9-a504-921d8c525712,586ebed8-1f58-5009-a4f1-0f29f5aa0fca,,SHOPIFY_PAYOUT,Shopify/Stripe,Shopify settlement (some months appear as STRIPE).,80,AUTO_RULE,0,2026-01-15T21:39:23+00:00,2026-01-16T00:05:11+00:00
1578d594-f931-5084-9281-f1f7668b3c38,d173cb4b-cb8e-545c-baee-ad8bdb45a098,,CASH_DEPOSIT,,Bank deposit treated as cash deposit (see cash_deposit_groups).,80,AUTO_RULE,0,2026-01-15T21:39:23+00:00,2026-01-16T00:05:11+00:00
22a29a48-de39-5b7c-9ad0-0c29ee38615f,5487c1ae-ca99-59a6-bc1d-5c9ac949d48e,,SHOPIFY_PAYOUT,Shopify/Stripe,Shopify settlement (some months appear as STRIPE).,80,AUTO_RULE,0,2026-01-15T21:39:23+00:00,2026-01-16T00:05:11+00:00
cc9ecec9-b808-57f9-b107-420a56ce0ff0,25ecf350-25d9-5b6e-aa50-a751f17630cc,,SHOPIFY_PAYOUT,Shopify/Stripe,Shopify settlement (some months appear as STRIPE).,80,AUTO_RULE,0,2026-01-15T21:39:23+00:00,2026-01-16T00:05:11+00:00
83a67b17-b3ba-500d-8ae6-bacd52fc5d49,5e51e611-8bd9-57f9-8606-4909d53bf83a,,SHOPIFY_PAYOUT,Shopify/Stripe,Shopify settlement (some months appear as STRIPE).,80,AUTO_RULE,0,2026-01-15T21:39:23+00:00,2026-01-16T00:05:11+00:00
418777e3-677f-5eb6-ba92-74eb98915a30,083fd787-0795-571c-96aa-899f3bd1e39e,,SHOPIFY_PAYOUT,Shopify/Stripe,Shopify settlement (some months appear as STRIPE).,80,AUTO_RULE,0,2026-01-15T21:39:23+00:00,2026-01-16T00:05:11+00:00
9312e239-3b36-5f1c-9a91-0f2c6b777081,e77839c5-8e94-5751-9f82-0c3a025cbfa3,,SHOPIFY_PAYOUT,Shopify/Stripe,Shopify settlement (some months appear as STRIPE).,80,AUTO_RULE,0,2026-01-15T21:39:23+00:00,2026-01-16T00:05:11+00:00
f8689f9e-9180-5d81-965a-b7f3a37f76e3,b39dacd4-7b24-51d3-b1ae-6c77ad300b05,,SHOPIFY_PAYOUT,Shopify/Stripe,Shopify settlement (some months appear as STRIPE).,80,AUTO_RULE,0,2026-01-15T21:39:23+00:00,2026-01-16T00:05:11+00:00
1f680d11-8650-5bcf-8507-353a41b004cd,48976e79-3819-51dd-8bf3-3ee568259c5d,,SHOPIFY_PAYOUT,Shopify/Stripe,Shopify settlement (some months appear as STRIPE).,80,AUTO_RULE,0,2026-01-15T21:39:23+00:00,2026-01-16T00:05:11+00:00
db5715d8-2996-5bda-b4da-fe6d7338652d,2d4b77f1-4815-51a1-a671-c4df9cfc61e0,,SHOPIFY_PAYOUT,Shopify/Stripe,Shopify settlement (some months appear as STRIPE).,80,AUTO_RULE,0,2026-01-15T21:39:23+00:00,2026-01-16T00:05:11+00:00
ba994491-383a-59b4-8a65-89f40aaed6db,941062b2-1c75-5754-a2a9-3a9db5784cad,,SHOPIFY_PAYOUT,Shopify/Stripe,Shopify settlement (some months appear as STRIPE).,80,AUTO_RULE,0,2026-01-15T21:39:23+00:00,2026-01-16T00:05:11+00:00
856f9c1c-f6c6-516b-99b9-e414cd6db873,4a480b0e-3023-595c-a607-eefef6392018,,SHOPIFY_PAYOUT,Shopify/Stripe,Shopify settlement (some months appear as STRIPE).,80,AUTO_RULE,0,2026-01-15T21:39:23+00:00,2026-01-16T00:05:11+00:00
e7565342-7f59-5739-8fa8-fef0d4bdb1d9,91b320b9-ef39-50a0-b3fb-ef14d4bfc190,,SHOPIFY_PAYOUT,Shopify/Stripe,Shopify settlement (some months appear as STRIPE).,80,AUTO_RULE,0,2026-01-15T21:39:23+00:00,2026-01-16T00:05:11+00:00
1ae33910-9ffb-5b24-90c6-60aea83f5edd,adbee2af-d315-5303-ac64-b3f4537fea9f,,SHOPIFY_PAYOUT,Shopify/Stripe,Shopify settlement (some months appear as STRIPE).,80,AUTO_RULE,0,2026-01-15T21:39:23+00:00,2026-01-16T00:05:11+00:00
d8a0dede-90ec-57a4-8101-76a6dd0d99db,c7b9d45c-879a-52f1-980c-1a59edbf2c20,,OTHER_INFLOW,,Unclassified inflow; needs review.,40,AUTO_RULE,0,2026-01-15T21:39:23+00:00,2026-01-16T00:05:11+00:00
ed8a9d83-78fd-5562-ab62-98b57e87652c,8f066d67-ca74-5612-9103-ad9dd25040b7,,CASH_DEPOSIT,,Bank deposit treated as cash deposit (see cash_deposit_groups).,80,AUTO_RULE,0,2026-01-15T21:39:23+00:00,2026-01-16T00:05:11+00:00
b2c42f1e-677a-51e2-b8e7-aa70e2e00f66,7ee60097-2d19-589f-b698-01656f8f4c1c,,SHOPIFY_PAYOUT,Shopify/Stripe,Shopify settlement (some months appear as STRIPE).,80,AUTO_RULE,0,2026-01-15T21:39:23+00:00,2026-01-16T00:05:11+00:00
63ef7d54-25aa-536b-923b-a71f58a31fce,f1682eb8-0867-572e-b5cf-b07a877fa0c1,,SHOPIFY_PAYOUT,Shopify/Stripe,Shopify settlement (some months appear as STRIPE).,80,AUTO_RULE,0,2026-01-15T21:39:23+00:00,2026-01-16T00:05:11+00:00
342831a8-2091-503e-b63a-ecb15ab1dac8,f3be937d-a639-50da-9261-0d715ed5aa14,,SHOPIFY_PAYOUT,Shopify/Stripe,Shopify settlement (some months appear as STRIPE).,80,AUTO_RULE,0,2026-01-15T21:39:23+00:00,2026-01-16T00:05:11+00:00
46a82f23-fcff-5c7e-90a7-467f80670d9a,0cc0f244-e0ff-5a5a-8b56-34bee17b7ac3,,SHOPIFY_PAYOUT,Shopify/Stripe,Shopify settlement (some months appear as STRIPE).,80,AUTO_RULE,0,2026-01-15T21:39:23+00:00,2026-01-16T00:05:11+00:00
9d831ea5-52ad-5565-9ee0-455a59d71a06,5bbc83ed-01ae-5bbf-b0d1-a570d4a66ea2,,SHOPIFY_PAYOUT,Shopify/Stripe,Shopify settlement (some months appear as STRIPE).,80,AUTO_RULE,0,2026-01-15T21:39:23+00:00,2026-01-16T00:05:11+00:00
8de2aac5-17ac-51ee-9699-d96c6717d1f5,fd809d90-4c72-589b-8c6e-a89916230624,,SHOPIFY_PAYOUT,Shopify/Stripe,Shopify settlement (some months appear as STRIPE).,80,AUTO_RULE,0,2026-01-15T21:39:23+00:00,2026-01-16T00:05:11+00:00
75fec102-0d9f-5a2c-8e16-d2753841e99a,004a6a1f-7513-512a-9aff-c50ab5d24384,,SHOPIFY_PAYOUT,Shopify/Stripe,Shopify settlement (some months appear as STRIPE).,80,AUTO_RULE,0,2026-01-15T21:39:23+00:00,2026-01-16T00:05:11+00:00
09eeb7a5-4fc2-5a9c-9d88-99458b1c08d8,b58bb25d-96ad-586f-a95e-66cf2a935444,,SHOPIFY_PAYOUT,Shopify/Stripe,Shopify settlement (some months appear as STRIPE).,80,AUTO_RULE,0,2026-01-15T21:39:23+00:00,2026-01-16T00:05:11+00:00
6d85ec1b-f7df-558e-a83b-270e4cf2bb25,6bfe56b8-f4ef-5c53-a403-52f366b3cca0,,SHOPIFY_PAYOUT,Shopify/Stripe,Shopify settlement (some months appear as STRIPE).,80,AUTO_RULE,0,2026-01-15T21:39:23+00:00,2026-01-16T00:05:11+00:00
0bdf7561-8636-59c1-8d0a-20af4b35f738,2e729c4f-95f1-5309-b598-c10225b2c8d6,,SHOPIFY_PAYOUT,Shopify/Stripe,Shopify settlement (some months appear as STRIPE).,80,AUTO_RULE,0,2026-01-15T21:39:23+00:00,2026-01-16T00:05:11+00:00
c5f94f4e-7c16-581b-9105-6b59ba85d7bb,170a5d70-3ae4-5ae5-a24a-02d7ef3287f2,,SHOPIFY_PAYOUT,Shopify/Stripe,Shopify settlement (some months appear as STRIPE).,80,AUTO_RULE,0,2026-01-15T21:39:23+00:00,2026-01-16T00:05:11+00:00
b9507003-7163-5ff1-856a-414e3466f08d,c26e2543-7698-57ac-814f-9acf49a4b0d1,,SHOPIFY_PAYOUT,Shopify/Stripe,Shopify settlement (some months appear as STRIPE).,80,AUTO_RULE,0,2026-01-15T21:39:23+00:00,2026-01-16T00:05:11+00:00
7cd2b2a8-a0f7-5b96-8474-a7aeb1e6772b,6c5872b4-0381-5557-9791-0927bccd1c31,,SHOPIFY_PAYOUT,Shopify/Stripe,Shopify settlement (some months appear as STRIPE).,80,AUTO_RULE,0,2026-01-15T21:39:23+00:00,2026-01-16T00:05:11+00:00
d51150ea-78fe-53ad-bad0-db5ad48043aa,db0544f6-06e3-56cd-a97f-7e80c8c87a7c,,SHOPIFY_PAYOUT,Shopify/Stripe,Shopify settlement (some months appear as STRIPE).,80,AUTO_RULE,0,2026-01-15T21:39:23+00:00,2026-01-16T00:05:11+00:00
01bafbb4-b9c2-5c91-9d08-60b6a7f9754b,503dee26-f162-5d32-ab97-c7b136552923,,ETRANSFER_RECLAIM,,E-transfer reclaim (not accepted in 30 days); reimbursement likely never re-sent.,95,AUTO_RULE,0,2026-01-15T21:39:23+00:00,2026-01-16T00:05:11+00:00
edfb6f65-aa20-517c-bb0e-f6de90241f7b,b092920b-a377-5bb2-bed1-3d980be1987f,,SHOPIFY_PAYOUT,Shopify/Stripe,Shopify settlement (some months appear as STRIPE).,80,AUTO_RULE,0,2026-01-15T21:39:23+00:00,2026-01-16T00:05:11+00:00
a2260187-705b-598b-9d3c-623cda9f426e,af9e1f71-3cac-5821-8f44-e6dc26fd1b92,,SHOPIFY_PAYOUT,Shopify/Stripe,Shopify settlement (some months appear as STRIPE).,80,AUTO_RULE,0,2026-01-15T21:39:23+00:00,2026-01-16T00:05:11+00:00
5722e51f-1355-5a3d-8667-59889e8fb0aa,a56ee714-5cf3-51ea-8dc7-35fbda477058,,SHOPIFY_PAYOUT,Shopify/Stripe,Shopify settlement (some months appear as STRIPE).,80,AUTO_RULE,0,2026-01-15T21:39:23+00:00,2026-01-16T00:05:11+00:00
f439412f-4777-5cea-b614-6ebb63397ff5,5fa824cc-466d-5fb0-b8bd-51cfcc799d49,,SHOPIFY_PAYOUT,Shopify/Stripe,Shopify settlement (some months appear as STRIPE).,80,AUTO_RULE,0,2026-01-15T21:39:23+00:00,2026-01-16T00:05:11+00:00
cec0b0e9-5c42-5fc8-a3a2-a0f476790efa,eb9a23df-c138-5742-a086-f0c56d7b3cfd,,SHOPIFY_PAYOUT,Shopify/Stripe,Shopify settlement (some months appear as STRIPE).,80,AUTO_RULE,0,2026-01-15T21:39:23+00:00,2026-01-16T00:05:11+00:00
714b5757-50e8-50a2-bca6-567e544559b5,e9f50171-80e5-56fa-a3a2-0c776c3eb137,,SHOPIFY_PAYOUT,Shopify/Stripe,Shopify settlement (some months appear as STRIPE).,80,AUTO_RULE,0,2026-01-15T21:39:23+00:00,2026-01-16T00:05:11+00:00
2d943933-9254-505f-b023-4cb8e910ad11,3a4b94f9-b4e6-5d96-aacd-6d2780c6bb98,,SHOPIFY_PAYOUT,Shopify/Stripe,Shopify settlement (some months appear as STRIPE).,80,AUTO_RULE,0,2026-01-15T21:39:23+00:00,2026-01-16T00:05:11+00:00
b99c4b04-4214-51e1-9160-c70400bb4dd6,64739867-3b24-5cf9-9c77-504ae0f0bd21,,SHOPIFY_PAYOUT,Shopify/Stripe,Shopify settlement (some months appear as STRIPE).,80,AUTO_RULE,0,2026-01-15T21:39:23+00:00,2026-01-16T00:05:11+00:00
5462a72e-fcd7-55c7-98aa-75dfdef2e1c9,d79011f5-fa51-5b34-9fd8-9d2a37639917,,SHOPIFY_PAYOUT,Shopify/Stripe,Shopify settlement (some months appear as STRIPE).,80,AUTO_RULE,0,2026-01-15T21:39:23+00:00,2026-01-16T00:05:11+00:00
7a2223f3-878f-5c9b-aece-8b760bcd019e,a9ccc57f-52d2-5109-8969-daf3a87c8e1b,,CASH_DEPOSIT,,Bank deposit treated as cash deposit (see cash_deposit_groups).,80,AUTO_RULE,0,2026-01-15T21:39:23+00:00,2026-01-16T00:05:11+00:00
be664adf-ba6e-57a6-bd7e-06a5ae89650e,641a58b6-cd92-59ca-9978-c5ffca02c85b,,SHOPIFY_PAYOUT,Shopify/Stripe,Shopify settlement (some months appear as STRIPE).,80,AUTO_RULE,0,2026-01-15T21:39:23+00:00,2026-01-16T00:05:11+00:00
dd3b3f3f-bd84-5dea-a8f3-13651f1d604b,24480fa5-41f9-5569-abe4-bb440071e79c,,SHOPIFY_PAYOUT,Shopify/Stripe,Shopify settlement (some months appear as STRIPE).,80,AUTO_RULE,0,2026-01-15T21:39:23+00:00,2026-01-16T00:05:11+00:00
eb131e7c-d865-5776-8f47-618ffeb7f815,0b282a3b-4111-5324-a575-b05b33c3f935,,SHOPIFY_PAYOUT,Shopify/Stripe,Shopify settlement (some months appear as STRIPE).,80,AUTO_RULE,0,2026-01-15T21:39:23+00:00,2026-01-16T00:05:11+00:00
8fcf6981-47ba-5e7a-8738-6bbc819f0e18,f559b7dc-4d50-5bed-bc7f-6d380b6b2557,,SHOPIFY_PAYOUT,Shopify/Stripe,Shopify settlement (some months appear as STRIPE).,80,AUTO_RULE,0,2026-01-15T21:39:23+00:00,2026-01-16T00:05:11+00:00
182a0342-c670-5473-bfb3-fc19d4c980f0,d5ff7163-7fa4-5cd3-8e65-9a2113873532,,SHOPIFY_PAYOUT,Shopify/Stripe,Shopify settlement (some months appear as STRIPE).,80,AUTO_RULE,0,2026-01-15T21:39:23+00:00,2026-01-16T00:05:11+00:00
51638225-b858-5267-8e92-b3bb1367e266,50f48083-96b8-54db-b75a-5cbbb2e917c7,,SHOPIFY_PAYOUT,Shopify/Stripe,Shopify settlement (some months appear as STRIPE).,80,AUTO_RULE,0,2026-01-15T21:39:23+00:00,2026-01-16T00:05:11+00:00
22bdcd26-5e60-5acc-a6aa-937e75dcfa08,5507d852-9668-5be2-b48c-7186f78ed2ed,,CASH_DEPOSIT,,Bank deposit treated as cash deposit (see cash_deposit_groups).,80,AUTO_RULE,0,2026-01-15T21:39:23+00:00,2026-01-16T00:05:11+00:00
2e11810f-6cf0-5a72-b7d8-1beed529615b,9510fc97-a6b3-53b4-9bb5-2b779ac36f2f,,SHOPIFY_PAYOUT,Shopify/Stripe,Shopify settlement (some months appear as STRIPE).,80,AUTO_RULE,0,2026-01-15T21:39:23+00:00,2026-01-16T00:05:11+00:00
7114ba48-6b17-557c-a34a-dd574f5c1209,9efd8406-de4e-5c4f-bda7-84e96db4585c,,SHOPIFY_PAYOUT,Shopify/Stripe,Shopify settlement (some months appear as STRIPE).,80,AUTO_RULE,0,2026-01-15T21:39:23+00:00,2026-01-16T00:05:11+00:00
2caeb063-a9f3-5d8c-977c-24c0507d13ea,317e348d-50ae-5e6c-8a50-9cfb16e6eed0,,SHOPIFY_PAYOUT,Shopify/Stripe,Shopify settlement (some months appear as STRIPE).,80,AUTO_RULE,0,2026-01-15T21:39:23+00:00,2026-01-16T00:05:11+00:00
41644629-7b38-5ade-b7e4-d99c66a43e4d,64aa6c2c-4bbd-5580-97a1-e82c1bb451b7,,SHOPIFY_PAYOUT,Shopify/Stripe,Shopify settlement (some months appear as STRIPE).,80,AUTO_RULE,0,2026-01-15T21:39:23+00:00,2026-01-16T00:05:11+00:00
0a8d4a9d-52c5-551a-a6ef-7c1d3244465c,7e3ba626-0d4b-50ab-a97e-5394456d1baa,,SHOPIFY_PAYOUT,Shopify/Stripe,Shopify settlement (some months appear as STRIPE).,80,AUTO_RULE,0,2026-01-15T21:39:23+00:00,2026-01-16T00:05:11+00:00
241dd3c3-370c-528d-8714-57a44b7fd1b7,55cea343-f510-5601-a988-0201fcb312c9,,SHOPIFY_PAYOUT,Shopify/Stripe,Shopify settlement (some months appear as STRIPE).,80,AUTO_RULE,0,2026-01-15T21:39:23+00:00,2026-01-16T00:05:11+00:00
a40b1d30-75e0-51bf-80ef-445304184f76,56618421-7c29-58bf-8c54-5e222e995873,,SHOPIFY_PAYOUT,Shopify/Stripe,Shopify settlement (some months appear as STRIPE).,80,AUTO_RULE,0,2026-01-15T21:39:23+00:00,2026-01-16T00:05:11+00:00
ff9be516-51a7-564c-81eb-6a7ed5d6559b,fd2300e9-8fb0-5389-b40a-956e7fb00ced,,SHOPIFY_PAYOUT,Shopify/Stripe,Shopify settlement (some months appear as STRIPE).,80,AUTO_RULE,0,2026-01-15T21:39:23+00:00,2026-01-16T00:05:11+00:00
02c0af7e-66e3-5295-99c8-7b81288b00ff,37296c4b-aed1-54f5-9206-4ada5965b3c8,,SHOPIFY_PAYOUT,Shopify/Stripe,Shopify settlement (some months appear as STRIPE).,80,AUTO_RULE,0,2026-01-15T21:39:23+00:00,2026-01-16T00:05:11+00:00
bee5ba0a-71dd-51ec-8273-c4126a095f1a,ee692a75-fc97-5aaa-b53b-cfe22d67d407,,SHOPIFY_PAYOUT,Shopify/Stripe,Shopify settlement (some months appear as STRIPE).,80,AUTO_RULE,0,2026-01-15T21:39:23+00:00,2026-01-16T00:05:11+00:00
6a2a6fbd-3f75-5038-b6fc-34ae987f66cd,3102cb76-25d3-54fd-9404-c54d53d5e3ac,,SHOPIFY_PAYOUT,Shopify/Stripe,Shopify settlement (some months appear as STRIPE).,80,AUTO_RULE,0,2026-01-15T21:39:23+00:00,2026-01-16T00:05:11+00:00
46869ba7-9978-53a5-ae74-8f1cba7c69d1,41238fc1-f236-5368-b5cc-ee7896766404,,SHOPIFY_PAYOUT,Shopify/Stripe,Shopify settlement (some months appear as STRIPE).,80,AUTO_RULE,0,2026-01-15T21:39:23+00:00,2026-01-16T00:05:11+00:00
f84234bc-c3fc-57ea-9c51-ddfbab0504fc,5681175e-132a-5578-bd47-ab2bac106ad0,,SHOPIFY_PAYOUT,Shopify/Stripe,Shopify settlement (some months appear as STRIPE).,80,AUTO_RULE,0,2026-01-15T21:39:23+00:00,2026-01-16T00:05:11+00:00
7e6aa774-1c00-5866-bd38-b277d6661a5f,c70a654b-93a0-5f6a-8287-160d5dca79ac,,SHOPIFY_PAYOUT,Shopify/Stripe,Shopify settlement (some months appear as STRIPE).,80,AUTO_RULE,0,2026-01-15T21:39:23+00:00,2026-01-16T00:05:11+00:00
00cb556c-f84d-57c0-98d9-252ec0241f4c,09860bdd-92d5-5791-884c-c699f4af94d5,,SHOPIFY_PAYOUT,Shopify/Stripe,Shopify settlement (some months appear as STRIPE).,80,AUTO_RULE,0,2026-01-15T21:39:23+00:00,2026-01-16T00:05:11+00:00
edbf0e0a-884b-55cc-9a3c-dc86c7305c29,7908f6b9-3abe-5861-982f-7804128ac4f8,,SHOPIFY_PAYOUT,Shopify/Stripe,Shopify settlement (some months appear as STRIPE).,80,AUTO_RULE,0,2026-01-15T21:39:23+00:00,2026-01-16T00:05:11+00:00
cc40b7ba-c1c0-5e8b-9057-f7823bf32401,7684f51a-b086-519a-a78d-17f0ca05cd91,,SHOPIFY_PAYOUT,Shopify/Stripe,Shopify settlement (some months appear as STRIPE).,80,AUTO_RULE,0,2026-01-15T21:39:23+00:00,2026-01-16T00:05:11+00:00
09f7a948-1e28-5040-9a7c-61696bdf459d,bf435dab-1122-5427-a150-eefdb9db16fd,,SHOPIFY_PAYOUT,Shopify/Stripe,Shopify settlement (some months appear as STRIPE).,80,AUTO_RULE,0,2026-01-15T21:39:23+00:00,2026-01-16T00:05:11+00:00
963f1a7b-b0d7-5e3d-94ea-8c69efc6c586,a47f1b98-137a-5934-b651-c4c3b1a7f1a9,,SHOPIFY_PAYOUT,Shopify/Stripe,Shopify settlement (some months appear as STRIPE).,80,AUTO_RULE,0,2026-01-15T21:39:23+00:00,2026-01-16T00:05:11+00:00
49a38a32-45f9-52d3-b897-432783a444a4,61c6d28e-7c24-5fb0-9159-7ac8ec6c34e1,,SHOPIFY_PAYOUT,Shopify/Stripe,Shopify settlement (some months appear as STRIPE).,80,AUTO_RULE,0,2026-01-15T21:39:23+00:00,2026-01-16T00:05:11+00:00
28e37496-8f3a-553d-a939-fca7b9abae8d,2fd81fb3-f7fa-5b0b-89dd-dbe434436c6b,,SHOPIFY_PAYOUT,Shopify/Stripe,Shopify settlement (some months appear as STRIPE).,80,AUTO_RULE,0,2026-01-15T21:39:23+00:00,2026-01-16T00:05:11+00:00
eb754794-00e7-5ea2-8916-f729507be27f,cc732196-a424-5e85-9ab9-a255e6fb3ebc,,SHOPIFY_PAYOUT,Shopify/Stripe,Shopify settlement (some months appear as STRIPE).,80,AUTO_RULE,0,2026-01-15T21:39:23+00:00,2026-01-16T00:05:11+00:00
7d4038c7-effc-502b-8194-9420a942346b,a2b543c0-5278-5b6f-8d52-52624b795c59,,CASH_DEPOSIT,,Bank deposit treated as cash deposit (see cash_deposit_groups).,80,AUTO_RULE,0,2026-01-15T21:39:23+00:00,2026-01-16T00:05:11+00:00
3973304d-ccd8-5a21-8c1c-51bb7a767747,40513b66-6c15-5416-ab0e-db36e1127d3b,,SHOPIFY_PAYOUT,Shopify/Stripe,Shopify settlement (some months appear as STRIPE).,80,AUTO_RULE,0,2026-01-15T21:39:23+00:00,2026-01-16T00:05:11+00:00
49107df8-9b42-54b6-afb4-73e9e75e015f,17adc5f3-2329-5c5e-989f-45d46ce6ab08,,SHOPIFY_PAYOUT,Shopify/Stripe,Shopify settlement (some months appear as STRIPE).,80,AUTO_RULE,0,2026-01-15T21:39:23+00:00,2026-01-16T00:05:11+00:00
3dc8a42d-2bfb-56e4-ad8c-23a2ccd6cf1c,e3864dbf-7c3c-592a-9122-95b76e52dfad,,SHOPIFY_PAYOUT,Shopify/Stripe,Shopify settlement (some months appear as STRIPE).,80,AUTO_RULE,0,2026-01-15T21:39:23+00:00,2026-01-16T00:05:11+00:00
ba03cb17-84a9-508d-9cee-181404a038af,c61080de-eeca-5b76-b22d-73baf7f2e242,,SHOPIFY_PAYOUT,Shopify/Stripe,Shopify settlement (some months appear as STRIPE).,80,AUTO_RULE,0,2026-01-15T21:39:23+00:00,2026-01-16T00:05:11+00:00
67dd4542-310c-58a5-aade-4aa06a199aba,815ed326-97b5-5544-955d-72e4c3b45bd0,,SHOPIFY_PAYOUT,Shopify/Stripe,Shopify settlement (some months appear as STRIPE).,80,AUTO_RULE,0,2026-01-15T21:39:23+00:00,2026-01-16T00:05:11+00:00
85dab2d8-e199-581c-ac30-5b07dabedef4,cb43892f-f4a0-5bdf-98a7-af5569979871,,SHOPIFY_PAYOUT,Shopify/Stripe,Shopify settlement (some months appear as STRIPE).,80,AUTO_RULE,0,2026-01-15T21:39:23+00:00,2026-01-16T00:05:11+00:00
d234c04f-ac01-5611-b527-6b67978b4fa2,206a2d1a-e4b6-5746-905c-595d164c2571,,SHOPIFY_PAYOUT,Shopify/Stripe,Shopify settlement (some months appear as STRIPE).,80,AUTO_RULE,0,2026-01-15T21:39:23+00:00,2026-01-16T00:05:11+00:00
fc29310a-6afa-56b6-a0ae-7f05e6fc8dbc,399182b1-6b6a-5b4b-8213-1bd8bcfbd34b,,SHOPIFY_PAYOUT,Shopify/Stripe,Shopify settlement (some months appear as STRIPE).,80,AUTO_RULE,0,2026-01-15T21:39:23+00:00,2026-01-16T00:05:11+00:00
e7fc3caa-254a-5366-bf7d-808cc4c443fe,002061b4-a28b-558c-a249-4e314e45a870,,SHOPIFY_PAYOUT,Shopify/Stripe,Shopify settlement (some months appear as STRIPE).,80,AUTO_RULE,0,2026-01-15T21:39:23+00:00,2026-01-16T00:05:11+00:00
d21f41b3-0421-5a9e-8a94-d48159161c4a,df450943-a12b-57b2-9445-d0a5ca1ab89f,,SHOPIFY_PAYOUT,Shopify/Stripe,Shopify settlement (some months appear as STRIPE).,80,AUTO_RULE,0,2026-01-15T21:39:23+00:00,2026-01-16T00:05:11+00:00
f076c9ef-ed3a-567e-b0b3-3c069f85082a,9f4b9891-f84e-5648-a54c-013ab1a6e818,,SHOPIFY_PAYOUT,Shopify/Stripe,Shopify settlement (some months appear as STRIPE).,80,AUTO_RULE,0,2026-01-15T21:39:23+00:00,2026-01-16T00:05:11+00:00
e878ecbd-417d-5e88-9073-6386d1605f4c,a38bcbe1-5433-58fb-92bc-48b043620f34,,SHOPIFY_PAYOUT,Shopify/Stripe,Shopify settlement (some months appear as STRIPE).,80,AUTO_RULE,0,2026-01-15T21:39:23+00:00,2026-01-16T00:05:11+00:00
8e222d72-66b5-587a-a324-959ffbb63ea7,a6e471cf-ed2f-5702-9aa8-e78c96f64785,,SHOPIFY_PAYOUT,Shopify/Stripe,Shopify settlement (some months appear as STRIPE).,80,AUTO_RULE,0,2026-01-15T21:39:23+00:00,2026-01-16T00:05:11+00:00
1607a121-4390-5de6-8d16-3f288739608d,1d7be6a4-03ed-5542-ba51-55f2e066e527,,SHOPIFY_PAYOUT,Shopify/Stripe,Shopify settlement (some months appear as STRIPE).,80,AUTO_RULE,0,2026-01-15T21:39:23+00:00,2026-01-16T00:05:11+00:00
112e62e8-9be0-5cc1-a5a6-11c2fd0e4a27,fdacca30-7b73-53e9-bb8f-138f4ac9e85e,,SHOPIFY_PAYOUT,Shopify/Stripe,Shopify settlement (some months appear as STRIPE).,80,AUTO_RULE,0,2026-01-15T21:39:23+00:00,2026-01-16T00:05:11+00:00
5bb79265-6314-5144-9cc1-00bb9663efbd,bec98df9-de74-5bdd-bd0e-da941714323a,,CASH_DEPOSIT,,Bank deposit treated as cash deposit (see cash_deposit_groups).,80,AUTO_RULE,0,2026-01-15T21:39:23+00:00,2026-01-16T00:05:11+00:00
1b89154a-f345-55c9-8950-54f5f3af6762,417552ee-0263-5eb4-bb65-b53e1e345f2c,,SHOPIFY_PAYOUT,Shopify/Stripe,Shopify settlement (some months appear as STRIPE).,80,AUTO_RULE,0,2026-01-15T21:39:23+00:00,2026-01-16T00:05:11+00:00
3d752028-9f9d-586f-8a54-4a5209ee9b36,c5fa1078-ebf5-5851-9c38-ba6387fe1c38,,SHOPIFY_PAYOUT,Shopify/Stripe,Shopify settlement (some months appear as STRIPE).,80,AUTO_RULE,0,2026-01-15T21:39:23+00:00,2026-01-16T00:05:11+00:00
707227bd-8d0b-56ab-a82e-55a74b88d607,c988bd5e-f110-5f99-8b86-3843ae27dd74,,SHOPIFY_PAYOUT,Shopify/Stripe,Shopify settlement (some months appear as STRIPE).,80,AUTO_RULE,0,2026-01-15T21:39:23+00:00,2026-01-16T00:05:11+00:00
72a17b9c-80b1-5ddc-9f0d-8d089e60d7fe,bec5db4d-aee3-5f67-a816-4fd30e14c470,,SHOPIFY_PAYOUT,Shopify/Stripe,Shopify settlement (some months appear as STRIPE).,80,AUTO_RULE,0,2026-01-15T21:39:23+00:00,2026-01-16T00:05:11+00:00
f7b6ed46-65a8-5336-8095-437a527d516e,3468104b-b785-588c-83f0-bd7d0f2d0987,,SHOPIFY_PAYOUT,Shopify/Stripe,Shopify settlement (some months appear as STRIPE).,80,AUTO_RULE,0,2026-01-15T21:39:23+00:00,2026-01-16T00:05:11+00:00
cdf41c33-a90f-5747-a86b-85b44eaa22b7,2637d0e1-93a3-5fb3-a707-beed50745b8a,,SHOPIFY_PAYOUT,Shopify/Stripe,Shopify settlement (some months appear as STRIPE).,80,AUTO_RULE,0,2026-01-15T21:39:23+00:00,2026-01-16T00:05:11+00:00
d26de575-3a74-52c0-a68b-22037580f8d0,12b9ccb4-7d62-5bfd-a9aa-d4924c8b4a26,,SHOPIFY_PAYOUT,Shopify/Stripe,Shopify settlement (some months appear as STRIPE).,80,AUTO_RULE,0,2026-01-15T21:39:23+00:00,2026-01-16T00:05:11+00:00
d4ca28bf-0ad7-5b97-baa8-53202695a3b7,51c2980e-2923-511b-9e96-403e393d0987,,SHOPIFY_PAYOUT,Shopify/Stripe,Shopify settlement (some months appear as STRIPE).,80,AUTO_RULE,0,2026-01-15T21:39:23+00:00,2026-01-16T00:05:11+00:00
f1b01484-9ff4-537d-bdec-95fc086f4614,44f56102-2d42-51d5-af3e-d5ce2d7ab86c,,SHOPIFY_PAYOUT,Shopify/Stripe,Shopify settlement (some months appear as STRIPE).,80,AUTO_RULE,0,2026-01-15T21:39:23+00:00,2026-01-16T00:05:11+00:00
f05b3264-f7aa-571f-ac39-7879b983705d,b184b5dc-8b39-5128-9e4c-537655026263,,SHOPIFY_PAYOUT,Shopify/Stripe,Shopify settlement (some months appear as STRIPE).,80,AUTO_RULE,0,2026-01-15T21:39:23+00:00,2026-01-16T00:05:11+00:00
0ab2df07-9e6f-5e2f-a526-5cf9075f922e,133794cb-3d32-5614-9f7e-d78fee54c371,,SHOPIFY_PAYOUT,Shopify/Stripe,Shopify settlement (some months appear as STRIPE).,80,AUTO_RULE,0,2026-01-15T21:39:23+00:00,2026-01-16T00:05:11+00:00
561b2e43-40d0-5123-a53b-0d8fe4117f78,6301fa28-809d-57ec-90ba-6e515380a9e1,,SHOPIFY_PAYOUT,Shopify/Stripe,Shopify settlement (some months appear as STRIPE).,80,AUTO_RULE,0,2026-01-15T21:39:23+00:00,2026-01-16T00:05:11+00:00
6c7f0af6-710d-5997-90cf-926b04bf7e13,a659220b-95c3-5212-aa3b-2a8d345508e9,,SHOPIFY_PAYOUT,Shopify/Stripe,Shopify settlement (some months appear as STRIPE).,80,AUTO_RULE,0,2026-01-15T21:39:23+00:00,2026-01-16T00:05:11+00:00
9b3db31e-7397-52c4-aaad-10edbaaf8da5,133aa480-6ded-5b20-b486-4e419d1cc357,,SHOPIFY_PAYOUT,Shopify/Stripe,Shopify settlement (some months appear as STRIPE).,80,AUTO_RULE,0,2026-01-15T21:39:23+00:00,2026-01-16T00:05:11+00:00
eca78d63-0e26-5947-a5c2-6e942a399209,e6eb26c3-37c1-54c8-a2b4-a4c3cf0a0538,,SHOPIFY_PAYOUT,Shopify/Stripe,Shopify settlement (some months appear as STRIPE).,80,AUTO_RULE,0,2026-01-15T21:39:23+00:00,2026-01-16T00:05:11+00:00
f15ad2e3-68dc-53ed-9974-4f77c49ab017,50194ac7-c633-58f1-b297-65a976897414,,SHOPIFY_PAYOUT,Shopify/Stripe,Shopify settlement (some months appear as STRIPE).,80,AUTO_RULE,0,2026-01-15T21:39:23+00:00,2026-01-16T00:05:11+00:00
2ce258c6-bcc6-5463-8c5a-1c4d62ff280e,6d72c0e6-78b6-5333-b304-02d3d9fd32df,,NAYAX_PAYOUT,Nayax Canada,Vending machine monthly payout; fees may be deducted from payout.,85,AUTO_RULE,0,2026-01-15T21:39:23+00:00,2026-01-16T00:05:11+00:00
5a687b69-bb09-50f0-8cdf-9d30877ab64d,1d704a29-80cf-5463-b373-b757a2d9403b,,SHOPIFY_PAYOUT,Shopify/Stripe,Shopify settlement (some months appear as STRIPE).,80,AUTO_RULE,0,2026-01-15T21:39:23+00:00,2026-01-16T00:05:11+00:00
4f78ff83-980a-5014-9621-7d0c49bc77eb,fbd0b9c1-418f-541e-a463-3b4163cb3a75,,SHOPIFY_PAYOUT,Shopify/Stripe,Shopify settlement (some months appear as STRIPE).,80,AUTO_RULE,0,2026-01-15T21:39:23+00:00,2026-01-16T00:05:11+00:00
d2f392fc-3dcd-5d7b-906a-ff6d119222ea,6dff8a1f-b181-517f-9a3e-caf54dd66f1c,,SHOPIFY_PAYOUT,Shopify/Stripe,Shopify settlement (some months appear as STRIPE).,80,AUTO_RULE,0,2026-01-15T21:39:23+00:00,2026-01-16T00:05:11+00:00
839545f9-a004-51ce-b8e6-aedad7e5ca94,03fbad0b-8621-5dec-a88b-dc43a45b22b3,,SHOPIFY_PAYOUT,Shopify/Stripe,Shopify settlement (some months appear as STRIPE).,80,AUTO_RULE,0,2026-01-15T21:39:23+00:00,2026-01-16T00:05:11+00:00
ffa358dc-b7b0-5327-9f12-cb02951ab737,002979f5-8202-58cb-87b8-923b547994f7,,SHOPIFY_PAYOUT,Shopify/Stripe,Shopify settlement (some months appear as STRIPE).,80,AUTO_RULE,0,2026-01-15T21:39:23+00:00,2026-01-16T00:05:11+00:00
a08554b1-a6d3-58aa-be26-46012157ae5d,95283725-97d4-5923-935b-0874e3549765,,SHOPIFY_PAYOUT,Shopify/Stripe,Shopify settlement (some months appear as STRIPE).,80,AUTO_RULE,0,2026-01-15T21:39:23+00:00,2026-01-16T00:05:11+00:00
3477930f-0da4-55f1-8fab-63e8cc6283ec,785f67d8-5fcf-56ef-bf41-f28f8893044e,,SHOPIFY_PAYOUT,Shopify/Stripe,Shopify settlement (some months appear as STRIPE).,80,AUTO_RULE,0,2026-01-15T21:39:23+00:00,2026-01-16T00:05:11+00:00
2e755943-e0cf-5543-96b1-74044f2332f5,b1ffd330-9ad7-5ced-ac3a-7d179388a91d,,SHOPIFY_PAYOUT,Shopify/Stripe,Shopify settlement (some months appear as STRIPE).,80,AUTO_RULE,0,2026-01-15T21:39:23+00:00,2026-01-16T00:05:11+00:00
c644bc46-2cfe-5833-b703-8f1476199ed3,dc31fde2-9082-5080-b80c-8368a35b10b4,,SHOPIFY_PAYOUT,Shopify/Stripe,Shopify settlement (some months appear as STRIPE).,80,AUTO_RULE,0,2026-01-15T21:39:23+00:00,2026-01-16T00:05:11+00:00
661b6f2c-42c7-5381-a266-aecd90b807a3,d6a69d0f-1719-576f-a3fb-cd67385a2e48,,NAYAX_PAYOUT,Nayax Canada,Vending machine monthly payout; fees may be deducted from payout.,85,AUTO_RULE,0,2026-01-15T21:39:23+00:00,2026-01-16T00:05:11+00:00
cde0dc39-40a3-5cac-8c58-8cfc5e0d7672,d1e5a7b6-daac-54fe-a9de-ce1e9efde7d4,,CASH_DEPOSIT,,Bank deposit treated as cash deposit (see cash_deposit_groups).,80,AUTO_RULE,0,2026-01-15T21:39:23+00:00,2026-01-16T00:05:11+00:00
913d3461-0976-5eb5-9832-40277f4e8e2c,f9b3c1fa-0f0e-5ed2-a07c-eacb05dff592,,SHAREHOLDER_LOAN_REPAYMENT,,Shareholder loan repayment (later taken out as owner draw).,90,AUTO_RULE,0,2026-01-15T21:39:23+00:00,2026-01-16T00:05:11+00:00
cc6937dc-f4a8-5a78-b364-b18f3cfea304,ed4ed822-60b6-5c3e-b1aa-6484e5e4088f,,SHOPIFY_PAYOUT,Shopify/Stripe,Shopify settlement (some months appear as STRIPE).,80,AUTO_RULE,0,2026-01-15T21:39:23+00:00,2026-01-16T00:05:11+00:00
7fa4ccab-0d50-5721-89b8-62d31cf8845b,8ede3409-7549-5b40-b7af-f62c71789571,,NAYAX_PAYOUT,Nayax Canada,Vending machine monthly payout; fees may be deducted from payout.,85,AUTO_RULE,0,2026-01-15T21:39:23+00:00,2026-01-16T00:05:11+00:00
3958c321-d248-53e7-a074-87aa0ddd3ede,5c090817-5f4a-5826-a4a3-86c4c068b7c6,,SHOPIFY_PAYOUT,Shopify/Stripe,Shopify settlement (some months appear as STRIPE).,80,AUTO_RULE,0,2026-01-15T21:39:23+00:00,2026-01-16T00:05:11+00:00
1ea26c0b-d3f6-53b6-b38c-802a9a6f13c1,2e8ee298-6deb-572a-9596-85c61c1aeb9d,,SHOPIFY_PAYOUT,Shopify/Stripe,Shopify settlement (some months appear as STRIPE).,80,AUTO_RULE,0,2026-01-15T21:39:23+00:00,2026-01-16T00:05:11+00:00
997b3e76-cd6d-51f9-af3a-32ab8dd17b30,a44a8db5-8e7f-55c2-a604-b326ebe3bea0,,VENDOR_PAD_DEBIT,Gordon Food Service Canada Ltd,GFS pre-authorized debit; expected to match a GFS EFT notification by due date and net total.,85,AUTO_RULE,0,2026-01-16T00:05:11+00:00,2026-01-16T00:05:11+00:00
70dd78b2-7187-524f-99e2-151d2c7fe5be,3752d271-8326-5111-9bde-807e3141db67,,VENDOR_PAD_DEBIT,Gordon Food Service Canada Ltd,GFS pre-authorized debit; expected to match a GFS EFT notification by due date and net total.,85,AUTO_RULE,0,2026-01-16T00:05:11+00:00,2026-01-16T00:05:11+00:00
4940a9fa-73b4-5883-8226-ac77eafa194a,75b295e5-9214-5063-824d-8bcf8c2a49fd,,VENDOR_PAD_DEBIT,Gordon Food Service Canada Ltd,GFS pre-authorized debit; expected to match a GFS EFT notification by due date and net total.,85,AUTO_RULE,0,2026-01-16T00:05:11+00:00,2026-01-16T00:05:11+00:00
57cd01bc-9422-588d-a75c-eb5b3719a69a,75774030-dc05-5763-a919-84fd2f4fa783,,VENDOR_PAD_DEBIT,Gordon Food Service Canada Ltd,GFS pre-authorized debit; expected to match a GFS EFT notification by due date and net total.,85,AUTO_RULE,0,2026-01-16T00:05:11+00:00,2026-01-16T00:05:11+00:00
7a8fd779-dc11-5ff7-8470-13417420bbdf,20f5a308-fdaa-5de1-b26a-a97d22f9fcb0,,VENDOR_PAD_DEBIT,Gordon Food Service Canada Ltd,GFS pre-authorized debit; expected to match a GFS EFT notification by due date and net total.,85,AUTO_RULE,0,2026-01-16T00:05:11+00:00,2026-01-16T00:05:11+00:00
9a933023-5c02-5ed7-b2fb-653aa7f83288,786d857c-6e5f-5728-a908-8627328b6ce5,,VENDOR_PAD_DEBIT,Gordon Food Service Canada Ltd,GFS pre-authorized debit; expected to match a GFS EFT notification by due date and net total.,85,AUTO_RULE,0,2026-01-16T00:05:11+00:00,2026-01-16T00:05:11+00:00
6525a4cb-09d9-5def-a1e9-f68912fd1355,009e5a92-aa4d-5ff3-b35e-2a7e43e89c7c,,VENDOR_PAD_DEBIT,Gordon Food Service Canada Ltd,GFS pre-authorized debit; expected to match a GFS EFT notification by due date and net total.,85,AUTO_RULE,0,2026-01-16T00:05:11+00:00,2026-01-16T00:05:11+00:00
b74306c5-eb30-5c48-ae36-8d08ec21554e,f483018f-7e49-5656-9aee-d79ada3ccd45,,VENDOR_PAD_DEBIT,Gordon Food Service Canada Ltd,GFS pre-authorized debit; expected to match a GFS EFT notification by due date and net total.,85,AUTO_RULE,0,2026-01-16T00:05:11+00:00,2026-01-16T00:05:11+00:00
190e7f63-212b-5900-bb98-ef1ebbbd2f7b,23547eed-6233-54f4-82cf-1b781c0c3fab,,VENDOR_PAD_DEBIT,Gordon Food Service Canada Ltd,GFS pre-authorized debit; expected to match a GFS EFT notification by due date and net total.,85,AUTO_RULE,0,2026-01-16T00:05:11+00:00,2026-01-16T00:05:11+00:00
f33f6c3b-c444-5349-9877-a49431eb19c8,3133061b-651d-5506-a202-4efed4fe671c,,VENDOR_PAD_DEBIT,Gordon Food Service Canada Ltd,GFS pre-authorized debit; expected to match a GFS EFT notification by due date and net total.,85,AUTO_RULE,0,2026-01-16T00:05:11+00:00,2026-01-16T00:05:11+00:00
261db998-d8bf-5a65-b618-41bf42072544,c99b4713-9b97-5135-a5b1-160e7cf25c5e,,VENDOR_PAD_DEBIT,Gordon Food Service Canada Ltd,GFS pre-authorized debit; expected to match a GFS EFT notification by due date and net total.,85,AUTO_RULE,0,2026-01-16T00:05:11+00:00,2026-01-16T00:05:11+00:00
7aefdc00-9a56-564d-b08d-f1a6d210d3b1,6c9323b0-d489-5f42-872a-b9b974a7d593,,VENDOR_PAD_DEBIT,Gordon Food Service Canada Ltd,GFS pre-authorized debit; expected to match a GFS EFT notification by due date and net total.,85,AUTO_RULE,0,2026-01-16T00:05:11+00:00,2026-01-16T00:05:11+00:00
b051658c-5667-53ae-823d-197425df8628,d0c1ff8c-a865-5b4a-b0e0-05c8fdc36611,,VENDOR_PAD_DEBIT,Gordon Food Service Canada Ltd,GFS pre-authorized debit; expected to match a GFS EFT notification by due date and net total.,85,AUTO_RULE,0,2026-01-16T00:05:11+00:00,2026-01-16T00:05:11+00:00
13be043a-d89f-5b81-ac70-36ad57965336,1ff42c40-9546-5318-a555-c48c025e4eb3,,VENDOR_PAD_DEBIT,Gordon Food Service Canada Ltd,GFS pre-authorized debit; expected to match a GFS EFT notification by due date and net total.,85,AUTO_RULE,0,2026-01-16T00:05:11+00:00,2026-01-16T00:05:11+00:00
d34c4d6e-3c96-5205-91a1-236a98eb83f6,8a6ae9c2-5bad-5f05-868d-19794348fade,,VENDOR_PAD_DEBIT,Gordon Food Service Canada Ltd,GFS pre-authorized debit; expected to match a GFS EFT notification by due date and net total.,85,AUTO_RULE,0,2026-01-16T00:05:11+00:00,2026-01-16T00:05:11+00:00
f0ac88a6-261e-5132-a52c-2bd92e8362b6,5826bc60-9dd7-51ff-9913-08c8cef8841b,,VENDOR_PAD_DEBIT,Gordon Food Service Canada Ltd,GFS pre-authorized debit; expected to match a GFS EFT notification by due date and net total.,85,AUTO_RULE,0,2026-01-16T00:05:11+00:00,2026-01-16T00:05:11+00:00
57901d41-b6b1-51b4-b583-bc0729bcc7b0,ca1b3d82-09e2-57e7-bc09-2e02739f8213,,VENDOR_PAD_DEBIT,Gordon Food Service Canada Ltd,GFS pre-authorized debit; expected to match a GFS EFT notification by due date and net total.,85,AUTO_RULE,0,2026-01-16T00:05:11+00:00,2026-01-16T00:05:11+00:00
68fb767e-8d5a-5ef3-aa36-0d8a4695e4e5,4e99c06b-fd03-5feb-b475-ddca25f97d20,,VENDOR_PAD_DEBIT,Gordon Food Service Canada Ltd,GFS pre-authorized debit; expected to match a GFS EFT notification by due date and net total.,85,AUTO_RULE,0,2026-01-16T00:05:11+00:00,2026-01-16T00:05:11+00:00
bdea08da-fc7d-5345-9908-3155af60318b,0e37350d-cfbc-5976-8ba9-1a3be37f9743,,VENDOR_PAD_DEBIT,Gordon Food Service Canada Ltd,GFS pre-authorized debit; expected to match a GFS EFT notification by due date and net total.,85,AUTO_RULE,0,2026-01-16T00:05:11+00:00,2026-01-16T00:05:11+00:00
21974135-ccfe-5e3f-9807-315d0cfe41b0,d4d994bb-cb99-5a14-b22e-fc225fd539b1,,VENDOR_PAD_DEBIT,Gordon Food Service Canada Ltd,GFS pre-authorized debit; expected to match a GFS EFT notification by due date and net total.,85,AUTO_RULE,0,2026-01-16T00:05:11+00:00,2026-01-16T00:05:11+00:00
dcec374a-47fa-546a-b6de-fc14c0a3c6f4,aaade77f-e936-5e04-a696-ea3c8bef5b3b,,VENDOR_PAD_DEBIT,Gordon Food Service Canada Ltd,GFS pre-authorized debit; expected to match a GFS EFT notification by due date and net total.,85,AUTO_RULE,0,2026-01-16T00:05:11+00:00,2026-01-16T00:05:11+00:00
d09ca34e-9c5f-52ba-be56-b5c2b318359c,982a76e7-d223-588b-bca8-891c3e27f6b5,,VENDOR_PAD_DEBIT,Gordon Food Service Canada Ltd,GFS pre-authorized debit; expected to match a GFS EFT notification by due date and net total.,85,AUTO_RULE,0,2026-01-16T00:05:11+00:00,2026-01-16T00:05:11+00:00
be55351d-01ab-5f9c-ba14-e20b8071029f,16b82ec0-8964-5280-8bda-5eccfb07af84,,VENDOR_PAD_DEBIT,Gordon Food Service Canada Ltd,GFS pre-authorized debit; expected to match a GFS EFT notification by due date and net total.,85,AUTO_RULE,0,2026-01-16T00:05:11+00:00,2026-01-16T00:05:11+00:00
6a0cbed6-5b3a-592e-b217-6e6ed6c5cd32,7bb8735a-0b18-5f13-a701-69a3c68cae3e,,VENDOR_PAD_DEBIT,Gordon Food Service Canada Ltd,GFS pre-authorized debit; expected to match a GFS EFT notification by due date and net total.,85,AUTO_RULE,0,2026-01-16T00:05:11+00:00,2026-01-16T00:05:11+00:00
0698fcc3-1b6e-5719-a6d5-757e5e76c627,15d43c22-b849-566d-b11f-81d4f3efe5e7,,VENDOR_PAD_DEBIT,Gordon Food Service Canada Ltd,GFS pre-authorized debit; expected to match a GFS EFT notification by due date and net total.,85,AUTO_RULE,0,2026-01-16T00:05:11+00:00,2026-01-16T00:05:11+00:00
5fca6c17-844e-57ab-9df8-886249d385df,ab178763-00e4-5c11-894b-711771ecac1d,,VENDOR_PAD_DEBIT,Gordon Food Service Canada Ltd,GFS pre-authorized debit; expected to match a GFS EFT notification by due date and net total.,85,AUTO_RULE,0,2026-01-16T00:05:11+00:00,2026-01-16T00:05:11+00:00
9e129c6d-4ca1-5073-8b70-bc8fa3a80423,1e516f2a-648e-5160-91f7-58e74a984e72,,VENDOR_PAD_DEBIT,Gordon Food Service Canada Ltd,GFS pre-authorized debit; expected to match a GFS EFT notification by due date and net total.,85,AUTO_RULE,0,2026-01-16T00:05:11+00:00,2026-01-16T00:05:11+00:00
1e974a16-4572-58c1-8eb8-762428283e70,03d126a9-bc58-58cf-9849-c94eb82e30bf,,VENDOR_PAD_DEBIT,Gordon Food Service Canada Ltd,GFS pre-authorized debit; expected to match a GFS EFT notification by due date and net total.,85,AUTO_RULE,0,2026-01-16T00:05:11+00:00,2026-01-16T00:05:11+00:00
4a135f2b-bab6-5f47-91a9-ff46c0e07fd3,f90aa857-42c1-51b1-a695-26f587593308,,VENDOR_PAD_DEBIT,Gordon Food Service Canada Ltd,GFS pre-authorized debit; expected to match a GFS EFT notification by due date and net total.,85,AUTO_RULE,0,2026-01-16T00:05:11+00:00,2026-01-16T00:05:11+00:00
80b9de05-dcb0-5c95-902e-04c54027d934,6b225dd7-1b64-5540-8bd0-f3535b321d24,,VENDOR_PAD_DEBIT,Gordon Food Service Canada Ltd,GFS pre-authorized debit; expected to match a GFS EFT notification by due date and net total.,85,AUTO_RULE,0,2026-01-16T00:05:11+00:00,2026-01-16T00:05:11+00:00
9a6fc854-4bcd-5db5-a0f9-5a6203697b2f,5f5f8916-beaf-5f4e-ae9f-5bf099bc033a,,VENDOR_PAD_DEBIT,Gordon Food Service Canada Ltd,GFS pre-authorized debit; expected to match a GFS EFT notification by due date and net total.,85,AUTO_RULE,0,2026-01-16T00:05:11+00:00,2026-01-16T00:05:11+00:00
74372328-ccc8-58cf-acd1-2137b4efa810,dfded85a-8b74-56b2-8652-e0dea5e1b54a,,VENDOR_PAD_DEBIT,Gordon Food Service Canada Ltd,GFS pre-authorized debit; expected to match a GFS EFT notification by due date and net total.,85,AUTO_RULE,0,2026-01-16T00:05:11+00:00,2026-01-16T00:05:11+00:00
b8cf1ddf-242d-5d61-be3f-23f6b99ad4c6,a885afbb-2e49-5419-9485-13e04c74477b,,VENDOR_PAD_DEBIT,Gordon Food Service Canada Ltd,GFS pre-authorized debit; expected to match a GFS EFT notification by due date and net total.,85,AUTO_RULE,0,2026-01-16T00:05:11+00:00,2026-01-16T00:05:11+00:00
2c543761-1079-5c23-9a7f-a65270eb8f70,67428cbb-156f-5c9e-addf-81e23c5e122d,,VENDOR_PAD_DEBIT,Gordon Food Service Canada Ltd,GFS pre-authorized debit; expected to match a GFS EFT notification by due date and net total.,85,AUTO_RULE,0,2026-01-16T00:05:11+00:00,2026-01-16T00:05:11+00:00
dee9a1cf-c451-5562-be9f-ad2073baaff7,77164ac5-c858-5fbe-b20d-a3efb492a680,,VENDOR_PAD_DEBIT,Gordon Food Service Canada Ltd,GFS pre-authorized debit; expected to match a GFS EFT notification by due date and net total.,85,AUTO_RULE,0,2026-01-16T00:05:11+00:00,2026-01-16T00:05:11+00:00
c02038b3-6e15-5187-bbfb-a1dba8d6a770,234ca5dc-60ce-5b0b-8a70-d223e32835ba,,VENDOR_PAD_DEBIT,Gordon Food Service Canada Ltd,GFS pre-authorized debit; expected to match a GFS EFT notification by due date and net total.,85,AUTO_RULE,0,2026-01-16T00:05:11+00:00,2026-01-16T00:05:11+00:00
7c98e956-0159-59c1-97ea-49162b49f6f1,0a0cba80-2147-54c3-a479-cd8f57d372cd,,VENDOR_PAD_DEBIT,Gordon Food Service Canada Ltd,GFS pre-authorized debit; expected to match a GFS EFT notification by due date and net total.,85,AUTO_RULE,0,2026-01-16T00:05:11+00:00,2026-01-16T00:05:11+00:00
8c471c35-bee8-5b8a-9d77-202279ff4281,08f1b6fe-11d8-5312-8ade-900f2595635d,,VENDOR_PAD_DEBIT,Gordon Food Service Canada Ltd,GFS pre-authorized debit; expected to match a GFS EFT notification by due date and net total.,85,AUTO_RULE,0,2026-01-16T00:05:11+00:00,2026-01-16T00:05:11+00:00
14f243a6-cab8-54ec-9544-eb14b74c73e2,c96c5ed0-f99d-5984-8079-2eedd64ce580,,VENDOR_PAD_DEBIT,Gordon Food Service Canada Ltd,GFS pre-authorized debit; expected to match a GFS EFT notification by due date and net total.,85,AUTO_RULE,0,2026-01-16T00:05:11+00:00,2026-01-16T00:05:11+00:00
ce7ae68a-fd16-504e-9f2e-9818ab42ebb0,bed24e12-9be4-5258-a20e-deea567a6a58,,VENDOR_PAD_DEBIT,Gordon Food Service Canada Ltd,GFS pre-authorized debit; expected to match a GFS EFT notification by due date and net total.,85,AUTO_RULE,0,2026-01-16T00:05:11+00:00,2026-01-16T00:05:11+00:00
78ec27ae-00fd-524b-9e5f-201879742d61,0ce21ad0-67b8-5c6f-87a6-efd0c1af12cc,,VENDOR_PAD_DEBIT,Gordon Food Service Canada Ltd,GFS pre-authorized debit; expected to match a GFS EFT notification by due date and net total.,85,AUTO_RULE,0,2026-01-16T00:05:11+00:00,2026-01-16T00:05:11+00:00
a3fc334e-1137-5728-b63d-a0290356e3ab,339c747e-3cf4-59cc-a584-f9474c7cc5e0,,VENDOR_PAD_DEBIT,Gordon Food Service Canada Ltd,GFS pre-authorized debit; expected to match a GFS EFT notification by due date and net total.,85,AUTO_RULE,0,2026-01-16T00:05:11+00:00,2026-01-16T00:05:11+00:00
6ddaf598-847a-5d91-9378-4179433d5264,0881dc3d-a37c-542c-aa70-71503cbf4b72,,VENDOR_PAD_DEBIT,Gordon Food Service Canada Ltd,GFS pre-authorized debit; expected to match a GFS EFT notification by due date and net total.,85,AUTO_RULE,0,2026-01-16T00:05:11+00:00,2026-01-16T00:05:11+00:00
44d46f59-bc9d-5deb-b982-f220a307df4d,6fa65c80-874a-564f-9647-a91f5b3699ba,,VENDOR_PAD_DEBIT,Gordon Food Service Canada Ltd,GFS pre-authorized debit; expected to match a GFS EFT notification by due date and net total.,85,AUTO_RULE,0,2026-01-16T00:05:11+00:00,2026-01-16T00:05:11+00:00
96dce607-2e52-57b4-a28c-9a6d61065bcc,72aa84f2-6367-51ef-9b25-2a96d71f9380,,VENDOR_PAD_DEBIT,Gordon Food Service Canada Ltd,GFS pre-authorized debit; expected to match a GFS EFT notification by due date and net total.,85,AUTO_RULE,0,2026-01-16T00:05:11+00:00,2026-01-16T00:05:11+00:00
be40682c-9bf1-5971-94d9-ba400b8799b3,4b679081-4a09-5688-a742-5e6968450f6f,,VENDOR_PAD_DEBIT,Gordon Food Service Canada Ltd,GFS pre-authorized debit; expected to match a GFS EFT notification by due date and net total.,85,AUTO_RULE,0,2026-01-16T00:05:11+00:00,2026-01-16T00:05:11+00:00
8b1a4977-48e7-577b-ad68-f8f133d07cf8,da5f9d61-e604-5c96-8960-768576b8910a,,VENDOR_PAD_DEBIT,Gordon Food Service Canada Ltd,GFS pre-authorized debit; expected to match a GFS EFT notification by due date and net total.,85,AUTO_RULE,0,2026-01-16T00:05:11+00:00,2026-01-16T00:05:11+00:00
b355a73b-8c4a-5de1-b4b5-898a7accbe55,8e063313-da21-54b6-bf7a-1718cd5988c0,,VENDOR_PAD_DEBIT,Gordon Food Service Canada Ltd,GFS pre-authorized debit; expected to match a GFS EFT notification by due date and net total.,85,AUTO_RULE,0,2026-01-16T00:05:11+00:00,2026-01-16T00:05:11+00:00
48f1c5ae-8dc2-54d5-b513-c185b566ba53,0fa05da1-d4db-580a-8796-33604a80ff97,,VENDOR_PAD_DEBIT,Gordon Food Service Canada Ltd,GFS pre-authorized debit; expected to match a GFS EFT notification by due date and net total.,85,AUTO_RULE,0,2026-01-16T00:05:11+00:00,2026-01-16T00:05:11+00:00
c02ae317-31ea-56d2-b3d9-842625ae4919,1d486620-c928-586b-b4a3-15344b50672d,,VENDOR_PAD_DEBIT,Gordon Food Service Canada Ltd,GFS pre-authorized debit; expected to match a GFS EFT notification by due date and net total.,85,AUTO_RULE,0,2026-01-16T00:05:11+00:00,2026-01-16T00:05:11+00:00
78c9efcc-954b-5774-904f-f9a0f40f2858,bf66ccf8-f0b6-5a1f-afc1-22578cf4f99d,,VENDOR_PAD_DEBIT,Gordon Food Service Canada Ltd,GFS pre-authorized debit; expected to match a GFS EFT notification by due date and net total.,85,AUTO_RULE,0,2026-01-16T00:05:11+00:00,2026-01-16T00:05:11+00:00
91ef0493-ae17-5e4e-8e46-90e2af1b8ab7,cbcc0f2d-84c6-5790-86a7-38f6cb57bd51,,VENDOR_PAD_DEBIT,Gordon Food Service Canada Ltd,GFS pre-authorized debit; expected to match a GFS EFT notification by due date and net total.,85,AUTO_RULE,0,2026-01-16T00:05:11+00:00,2026-01-16T00:05:11+00:00
d21bbccf-4fe3-5249-95b3-a0f7b747ed45,f3872bd7-ad19-50e6-9abf-6063827a6d67,,VENDOR_PAD_DEBIT,Gordon Food Service Canada Ltd,GFS pre-authorized debit; expected to match a GFS EFT notification by due date and net total.,85,AUTO_RULE,0,2026-01-16T00:05:11+00:00,2026-01-16T00:05:11+00:00
59d82498-e7a8-5771-80a1-15dccc8c8797,df131f63-e122-51cc-bbe1-9b4acd69a8ac,,VENDOR_PAD_DEBIT,Gordon Food Service Canada Ltd,GFS pre-authorized debit; expected to match a GFS EFT notification by due date and net total.,85,AUTO_RULE,0,2026-01-16T00:05:11+00:00,2026-01-16T00:05:11+00:00
b521a9cd-9f55-5a39-a4cd-50e0a29469e7,23387e61-4fca-5eb1-b56d-bbc62121f161,,VENDOR_PAD_DEBIT,Gordon Food Service Canada Ltd,GFS pre-authorized debit; expected to match a GFS EFT notification by due date and net total.,85,AUTO_RULE,0,2026-01-16T00:05:11+00:00,2026-01-16T00:05:11+00:00
dbca65dc-9137-5fce-ad09-500af15a5fac,3b32b958-5759-576b-bdf0-ddbd9f92ea4a,,VENDOR_PAD_DEBIT,Gordon Food Service Canada Ltd,GFS pre-authorized debit; expected to match a GFS EFT notification by due date and net total.,85,AUTO_RULE,0,2026-01-16T00:05:11+00:00,2026-01-16T00:05:11+00:00
57c17740-0cd0-5871-ae68-c89c849ad55a,5cffdd86-8e97-5e68-af62-1d31424055c1,,VENDOR_PAD_DEBIT,Gordon Food Service Canada Ltd,GFS pre-authorized debit; expected to match a GFS EFT notification by due date and net total.,85,AUTO_RULE,0,2026-01-16T00:05:11+00:00,2026-01-16T00:05:11+00:00
aa9a1e5d-ee6d-58cd-8d32-0e4bf686199e,b3ad80b6-6872-5687-ab6f-eabe2850a0e7,,VENDOR_PAD_DEBIT,Gordon Food Service Canada Ltd,GFS pre-authorized debit; expected to match a GFS EFT notification by due date and net total.,85,AUTO_RULE,0,2026-01-16T00:05:11+00:00,2026-01-16T00:05:11+00:00
7f47ef0c-b7f6-5da1-8c7f-f36316126234,65392e1b-757d-5038-980a-5cf842b4ea8b,,VENDOR_PAD_DEBIT,Gordon Food Service Canada Ltd,GFS pre-authorized debit; expected to match a GFS EFT notification by due date and net total.,85,AUTO_RULE,0,2026-01-16T00:05:11+00:00,2026-01-16T00:05:11+00:00
cb20e7d9-e8c8-5fe1-ba05-3fa85f05e402,3ef6e131-3c66-55d7-98e9-bfddc56455be,,VENDOR_PAD_DEBIT,Gordon Food Service Canada Ltd,GFS pre-authorized debit; expected to match a GFS EFT notification by due date and net total.,85,AUTO_RULE,0,2026-01-16T00:05:11+00:00,2026-01-16T00:05:11+00:00
d803cf05-ef5f-589b-93db-6bd4e14158e5,bf2cddae-2873-5ff5-bd97-5960ca8b48e0,,VENDOR_PAD_DEBIT,Gordon Food Service Canada Ltd,GFS pre-authorized debit; expected to match a GFS EFT notification by due date and net total.,85,AUTO_RULE,0,2026-01-16T00:05:11+00:00,2026-01-16T00:05:11+00:00
0299971c-6fd3-5906-afb9-90b70171c150,fc6e11e0-a4b0-5457-b244-752ada0a2cd8,,VENDOR_PAD_DEBIT,Gordon Food Service Canada Ltd,GFS pre-authorized debit; expected to match a GFS EFT notification by due date and net total.,85,AUTO_RULE,0,2026-01-16T00:05:11+00:00,2026-01-16T00:05:11+00:00
d1a6cc84-6cfc-5921-9644-891cb0b6ae46,e787b23e-fccc-59ab-bc8d-edba3a5f9eb8,,VENDOR_PAD_DEBIT,Gordon Food Service Canada Ltd,GFS pre-authorized debit; expected to match a GFS EFT notification by due date and net total.,85,AUTO_RULE,0,2026-01-16T00:05:11+00:00,2026-01-16T00:05:11+00:00
d82adb0d-4ffe-5114-bd5e-c78e7989c842,8a9407f2-3c61-5483-bae3-4e2a9934c29d,,VENDOR_PAD_DEBIT,Gordon Food Service Canada Ltd,GFS pre-authorized debit; expected to match a GFS EFT notification by due date and net total.,85,AUTO_RULE,0,2026-01-16T00:05:11+00:00,2026-01-16T00:05:11+00:00
c8b0b82f-0349-55fb-9780-431205a6f9d2,d7371045-d367-53a9-b489-42e86988554e,,VENDOR_PAD_DEBIT,Gordon Food Service Canada Ltd,GFS pre-authorized debit; expected to match a GFS EFT notification by due date and net total.,85,AUTO_RULE,0,2026-01-16T00:05:11+00:00,2026-01-16T00:05:11+00:00
9002c72f-1da6-5726-9dde-64435495a698,3bf94d26-5f79-572c-b773-71365abfc2d3,,VENDOR_PAD_DEBIT,Gordon Food Service Canada Ltd,GFS pre-authorized debit; expected to match a GFS EFT notification by due date and net total.,85,AUTO_RULE,0,2026-01-16T00:05:11+00:00,2026-01-16T00:05:11+00:00
8b048674-e1b1-52f3-bf91-e91aa937a665,af5a3867-9dae-5a6e-b75d-8de5d1f0f1da,,VENDOR_PAD_DEBIT,Gordon Food Service Canada Ltd,GFS pre-authorized debit; expected to match a GFS EFT notification by due date and net total.,85,AUTO_RULE,0,2026-01-16T00:05:11+00:00,2026-01-16T00:05:11+00:00
16955a03-8b19-59d9-adc0-e7822b027df2,7d76e56a-b297-5d6b-a926-3319c1ec1315,,VENDOR_PAD_DEBIT,Gordon Food Service Canada Ltd,GFS pre-authorized debit; expected to match a GFS EFT notification by due date and net total.,85,AUTO_RULE,0,2026-01-16T00:05:11+00:00,2026-01-16T00:05:11+00:00
